reddit_fullname,y_true,prob,pred,gate_conv,gate_temp,fold,seed,language,record_type,resolved_by,natural
t1_p1909oy,0,0.4435702860355377,0,0.5359713435173035,0.46402865648269653,0,13,taglish,comment,majority,True
t1_p19b22n,0,0.44718870520591736,0,0.5188966393470764,0.4811033606529236,0,13,tagalog,comment,adjudicator,True
t1_p19d0zp,0,0.4357064366340637,0,0.5675022602081299,0.4324977993965149,0,13,taglish,comment,majority,True
t1_p19fhxd,0,0.4216708838939667,0,0.6098727583885193,0.3901272714138031,0,13,english,comment,adjudicator,True
t1_p19iari,0,0.42476987838745117,0,0.6022370457649231,0.3977629542350769,0,13,tagalog,comment,majority,True
t1_p19liw1,0,0.424561083316803,0,0.6024124622344971,0.39758750796318054,0,13,taglish,comment,majority,True
t1_p1cts3h,0,0.43330690264701843,0,0.5830280184745789,0.4169720411300659,0,13,taglish,comment,majority,True
t1_p1dpfng,0,0.42705321311950684,0,0.5892547965049744,0.410745233297348,0,13,tagalog,comment,adjudicator,True
t1_p1dwcr5,0,0.4338315725326538,0,0.5831034779548645,0.4168965816497803,0,13,english,comment,unanimous,True
t1_p1gpjeu,0,0.44200414419174194,0,0.5700920224189758,0.42990800738334656,0,13,english,comment,adjudicator,True
t1_p1h381d,0,0.426127552986145,0,0.588087260723114,0.411912739276886,0,13,english,comment,majority,True
t1_p1h3j89,0,0.43889039754867554,0,0.5573785901069641,0.4426214396953583,0,13,taglish,comment,unanimous,True
t1_p1h4hlk,0,0.42836788296699524,0,0.61555016040802,0.38444983959198,0,13,taglish,comment,unanimous,True
t1_p1h4zk8,0,0.443660706281662,0,0.539749026298523,0.46025097370147705,0,13,taglish,comment,unanimous,True
t1_p1h586a,0,0.42597830295562744,0,0.6039026379585266,0.3960973620414734,0,13,taglish,comment,majority,True
t1_p1h99c1,0,0.44003307819366455,0,0.5571978688240051,0.4428021311759949,0,13,taglish,comment,majority,True
t1_p1ha0n6,0,0.42529192566871643,0,0.6164453029632568,0.38355469703674316,0,13,taglish,comment,unanimous,True
t1_p1j6wut,0,0.42742660641670227,0,0.620276689529419,0.37972334027290344,0,13,taglish,comment,majority,True
t1_p1jinlf,0,0.43892043828964233,0,0.5571376085281372,0.4428623616695404,0,13,taglish,comment,majority,True
t1_p1k1fvl,0,0.4235772490501404,0,0.6183196306228638,0.3816803991794586,0,13,taglish,comment,majority,True
t1_p17bhzz,0,0.3680081367492676,0,0.6105115413665771,0.38948845863342285,1,13,english,comment,majority,True
t1_p17cc1p,0,0.3735329806804657,0,0.5831143260002136,0.4168856739997864,1,13,taglish,comment,majority,True
t1_p17cxz7,0,0.37304750084877014,0,0.5844194293022156,0.4155806005001068,1,13,taglish,comment,majority,True
t1_p17edm7,0,0.37125059962272644,0,0.6105115413665771,0.38948845863342285,1,13,english,comment,majority,True
t1_p17gqxd,0,0.3606297969818115,0,0.6447844505310059,0.35521551966667175,1,13,taglish,comment,unanimous,True
t1_p17gt8l,0,0.3609394133090973,0,0.6440572142601013,0.3559427559375763,1,13,taglish,comment,unanimous,True
t1_p17ohe5,0,0.37464767694473267,0,0.5820159912109375,0.4179840385913849,1,13,english,comment,majority,True
t1_p18ei05,0,0.37459051609039307,0,0.5851900577545166,0.4148099422454834,1,13,taglish,comment,unanimous,True
t1_p18lnfm,0,0.35880228877067566,0,0.6454272866249084,0.35457277297973633,1,13,taglish,comment,majority,True
t1_p19v9nc,0,0.3714500665664673,0,0.6096476316452026,0.39035236835479736,1,13,english,comment,adjudicator,True
t1_p19xiun,1,0.37430456280708313,0,0.5624468922615051,0.4375531077384949,1,13,taglish,comment,majority,True
t1_p1a0l1i,0,0.35521551966667175,0,0.6332685351371765,0.3667314648628235,1,13,tagalog,comment,adjudicator,True
t1_p1a0ms4,0,0.3731331527233124,0,0.5970500111579895,0.4029499888420105,1,13,tagalog,comment,adjudicator,True
t1_p1a3ayu,0,0.371051162481308,0,0.6098436713218689,0.3901562988758087,1,13,taglish,comment,majority,True
t1_p1a7j8r,0,0.3691729009151459,0,0.6096476316452026,0.39035236835479736,1,13,tagalog,comment,adjudicator,True
t1_p1adckb,1,0.3589146137237549,0,0.6331267356872559,0.36687323451042175,1,13,english,comment,majority,True
t1_p1aepxs,0,0.3529820144176483,0,0.6630691885948181,0.3369307518005371,1,13,english,comment,majority,True
t1_p1apmf3,0,0.3699408173561096,0,0.6097202301025391,0.39027974009513855,1,13,english,comment,adjudicator,True
t1_p1ltuyu,0,0.3696563243865967,0,0.6097202301025391,0.39027974009513855,1,13,taglish,comment,unanimous,True
t1_p1m5x7f,0,0.36826369166374207,0,0.6114617586135864,0.38853827118873596,1,13,tagalog,comment,adjudicator,True
t1_p1djpes,0,0.4222067892551422,0,0.5904545783996582,0.4095454514026642,2,13,taglish,comment,majority,True
t1_p1dnd2j,0,0.4128260016441345,0,0.6248946189880371,0.3751054108142853,2,13,taglish,comment,unanimous,True
t1_p1dznje,0,0.4164109528064728,0,0.5791326761245728,0.420867383480072,2,13,english,comment,majority,True
t1_p1dzqwj,0,0.4119386076927185,0,0.6213327050209045,0.37866729497909546,2,13,taglish,comment,majority,True
t1_p1eq6kz,0,0.409633994102478,0,0.6101776957511902,0.3898223638534546,2,13,english,comment,unanimous,True
t1_p1es5hg,0,0.41176116466522217,0,0.6248660087585449,0.3751339912414551,2,13,taglish,comment,unanimous,True
t1_p1f97sw,0,0.41006213426589966,0,0.6115414500236511,0.3884585201740265,2,13,taglish,comment,adjudicator,True
t1_p1fvrpk,0,0.4191129505634308,0,0.5789243578910828,0.42107561230659485,2,13,taglish,comment,unanimous,True
t1_p1fze4d,0,0.42256420850753784,0,0.5857973694801331,0.41420260071754456,2,13,english,comment,majority,True
t1_p1g57i2,0,0.41087445616722107,0,0.6268954277038574,0.37310460209846497,2,13,tagalog,comment,adjudicator,True
t1_p1g5qka,0,0.4135659635066986,0,0.6285214424133301,0.3714785873889923,2,13,tagalog,comment,majority,True
t1_p1grex5,0,0.4190386235713959,0,0.5795193910598755,0.4204806089401245,2,13,taglish,comment,adjudicator,True
t1_p1hfv32,0,0.4079523980617523,0,0.6115414500236511,0.3884585201740265,2,13,english,comment,majority,True
t1_p1i48w4,0,0.4098258912563324,0,0.6115632057189941,0.38843676447868347,2,13,tagalog,comment,adjudicator,True
t1_p1ja79o,0,0.40998831391334534,0,0.6115414500236511,0.3884585201740265,2,13,english,comment,majority,True
t1_p1jp3l4,0,0.4109187722206116,0,0.6115632057189941,0.38843676447868347,2,13,taglish,comment,unanimous,True
t1_p1jrstc,0,0.4133143424987793,0,0.6264955997467041,0.3735044002532959,2,13,taglish,comment,unanimous,True
t1_p1lc7pm,0,0.40945693850517273,0,0.6115777492523193,0.38842228055000305,2,13,taglish,comment,unanimous,True
t1_p1mu387,0,0.4093240797519684,0,0.6116864681243896,0.38831350207328796,2,13,taglish,comment,unanimous,True
t1_p1n3zw1,1,0.4169153571128845,0,0.579430103302002,0.42056983709335327,2,13,taglish,comment,majority,True
t1_p170d0o,0,0.4681446850299835,0,0.4908228814601898,0.5091771483421326,3,13,taglish,comment,majority,True
t1_p170sk2,0,0.4723297953605652,0,0.5005073547363281,0.4994926452636719,3,13,tagalog,comment,majority,True
t1_p174s1z,0,0.4684562683105469,0,0.50801020860672,0.4919898211956024,3,13,taglish,comment,unanimous,True
t1_p1753z6,0,0.44709062576293945,0,0.595183789730072,0.40481624007225037,3,13,taglish,comment,majority,True
t1_p179xnz,0,0.4536362290382385,0,0.5538974404335022,0.4461025595664978,3,13,tagalog,comment,majority,True
t1_p1803rr,0,0.4492340683937073,0,0.5789987444877625,0.42100125551223755,3,13,taglish,comment,unanimous,True
t1_p1fgp0a,0,0.46076178550720215,0,0.5563995838165283,0.4436004161834717,3,13,tagalog,comment,majority,True
t1_p1fhv1i,1,0.4536173343658447,0,0.5556010007858276,0.44439899921417236,3,13,english,comment,unanimous,True
t1_p1fn9yv,1,0.45183664560317993,0,0.5556462407112122,0.44435378909111023,3,13,tagalog,comment,majority,True
t1_p1fvdhe,1,0.4568697512149811,0,0.5556462407112122,0.44435378909111023,3,13,taglish,comment,majority,True
t1_p1hkxhw,0,0.459384024143219,0,0.5514378547668457,0.4485621154308319,3,13,english,comment,majority,True
t1_p1km08o,0,0.4698661267757416,0,0.5088987946510315,0.4911012649536133,3,13,taglish,comment,unanimous,True
t1_p1l7hh9,0,0.46012020111083984,0,0.5517095923423767,0.4482904076576233,3,13,english,comment,majority,True
t1_p1l7l9x,0,0.45901548862457275,0,0.5517095923423767,0.4482904076576233,3,13,english,comment,majority,True
t1_p1l7mnt,0,0.4582577645778656,0,0.5517095923423767,0.4482904076576233,3,13,english,comment,majority,True
t1_p1l89tc,0,0.4602765738964081,0,0.5517095923423767,0.4482904076576233,3,13,english,comment,majority,True
t1_p1l9jpp,0,0.45971277356147766,0,0.5517095923423767,0.4482904076576233,3,13,english,comment,majority,True
t1_p1lawu3,0,0.4538480341434479,0,0.5517095923423767,0.4482904076576233,3,13,english,comment,adjudicator,True
t1_p1lh5c8,0,0.4689692258834839,0,0.5116822719573975,0.48831769824028015,3,13,taglish,comment,majority,True
t1_p1mpeix,0,0.45815175771713257,0,0.5517095923423767,0.4482904076576233,3,13,taglish,comment,unanimous,True
t1_p1myxf9,0,0.4588014483451843,0,0.5561057925224304,0.4438942074775696,3,13,taglish,comment,majority,True
t1_p12zfuz,1,0.369428813457489,0,0.6141481399536133,0.3858518600463867,4,13,taglish,comment,majority,True
t1_p130vn2,1,0.36911606788635254,0,0.6141481399536133,0.3858518600463867,4,13,taglish,comment,majority,True
t1_p13dudf,0,0.3718206584453583,0,0.6141481399536133,0.3858518600463867,4,13,english,comment,majority,True
t1_p13wzgf,0,0.37224844098091125,0,0.6141481399536133,0.3858518600463867,4,13,taglish,comment,majority,True
t1_p1ccqgk,0,0.3688318431377411,0,0.6140469312667847,0.38595306873321533,4,13,taglish,comment,majority,True
t1_p1cdbdx,0,0.3709372282028198,0,0.6140469312667847,0.38595306873321533,4,13,taglish,comment,majority,True
t1_p1cedxe,0,0.37005460262298584,0,0.6140469312667847,0.38595306873321533,4,13,taglish,comment,majority,True
t1_p1dkqqv,0,0.37213438749313354,0,0.6140469312667847,0.38595306873321533,4,13,taglish,comment,unanimous,True
t1_p1duvt0,0,0.3791772127151489,0,0.5914577841758728,0.4085422158241272,4,13,tagalog,comment,adjudicator,True
t1_p1dvuqm,0,0.3718206584453583,0,0.6282364130020142,0.3717636466026306,4,13,taglish,comment,majority,True
t1_p1dxq5m,0,0.39094078540802,0,0.5377241969108582,0.46227577328681946,4,13,taglish,comment,adjudicator,True
t1_p1dy529,0,0.370140016078949,0,0.6086958646774292,0.3913041949272156,4,13,tagalog,comment,majority,True
t1_p1e7k8b,0,0.3779710829257965,0,0.5871148109436035,0.41288521885871887,4,13,tagalog,comment,majority,True
t1_p1eb0oi,0,0.3809892237186432,0,0.586300790309906,0.413699209690094,4,13,english,comment,majority,True
t1_p1ef3av,0,0.3695141077041626,0,0.6349395513534546,0.3650604784488678,4,13,taglish,comment,majority,True
t1_p1f6t59,0,0.3710796535015106,0,0.6139890551567078,0.3860109746456146,4,13,taglish,comment,majority,True
t1_p1gen71,0,0.37799975275993347,0,0.6143217086791992,0.3856782913208008,4,13,english,comment,majority,True
t1_p1gfta2,0,0.37125059962272644,0,0.6348263621330261,0.36517366766929626,4,13,english,comment,majority,True
t1_p1j0xwk,0,0.3713645935058594,0,0.6087612509727478,0.3912387192249298,4,13,taglish,comment,unanimous,True
