reddit_fullname,y_true,prob,pred,gate_conv,fold,seed,language,record_type,natural,resolved_by
t1_p1909oy,0,0.4622834026813507,0,1.0,0,13,taglish,comment,True,majority
t1_p19b22n,0,0.47224992513656616,0,1.0,0,13,tagalog,comment,True,adjudicator
t1_p19d0zp,0,0.47176697850227356,0,1.0,0,13,taglish,comment,True,majority
t1_p19fhxd,0,0.46469661593437195,0,1.0,0,13,english,comment,True,adjudicator
t1_p19iari,0,0.45370808243751526,0,1.0,0,13,tagalog,comment,True,majority
t1_p19liw1,0,0.4561826288700104,0,1.0,0,13,taglish,comment,True,majority
t1_p1cts3h,0,0.42629173398017883,0,1.0,0,13,taglish,comment,True,majority
t1_p1dpfng,0,0.4265305697917938,0,1.0,0,13,tagalog,comment,True,adjudicator
t1_p1dwcr5,0,0.42307063937187195,0,1.0,0,13,english,comment,True,unanimous
t1_p1gpjeu,0,0.40876343846321106,0,1.0,0,13,english,comment,True,adjudicator
t1_p1h381d,0,0.42196863889694214,0,1.0,0,13,english,comment,True,majority
t1_p1h3j89,0,0.4075544476509094,0,1.0,0,13,taglish,comment,True,unanimous
t1_p1h4hlk,0,0.45589497685432434,0,1.0,0,13,taglish,comment,True,unanimous
t1_p1h4zk8,0,0.4590458273887634,0,1.0,0,13,taglish,comment,True,unanimous
t1_p1h586a,0,0.45595553517341614,0,1.0,0,13,taglish,comment,True,majority
t1_p1h99c1,0,0.4082472622394562,0,1.0,0,13,taglish,comment,True,majority
t1_p1ha0n6,0,0.4556678831577301,0,1.0,0,13,taglish,comment,True,unanimous
t1_p1j6wut,0,0.4549337327480316,0,1.0,0,13,taglish,comment,True,majority
t1_p1jinlf,0,0.40469861030578613,0,1.0,0,13,taglish,comment,True,majority
t1_p1k1fvl,0,0.4526493549346924,0,1.0,0,13,taglish,comment,True,majority
t1_p17bhzz,0,0.35122761130332947,0,1.0,1,13,english,comment,True,majority
t1_p17cc1p,0,0.32562777400016785,0,1.0,1,13,taglish,comment,True,majority
t1_p17cxz7,0,0.3251990079879761,0,1.0,1,13,taglish,comment,True,majority
t1_p17edm7,0,0.3491442799568176,0,1.0,1,13,english,comment,True,majority
t1_p17gqxd,0,0.3696563243865967,0,1.0,1,13,taglish,comment,True,unanimous
t1_p17gt8l,0,0.37239107489585876,0,1.0,1,13,taglish,comment,True,unanimous
t1_p17ohe5,0,0.32729193568229675,0,1.0,1,13,english,comment,True,majority
t1_p18ei05,0,0.3255205750465393,0,1.0,1,13,taglish,comment,True,unanimous
t1_p18lnfm,0,0.3682069182395935,0,1.0,1,13,taglish,comment,True,majority
t1_p19v9nc,0,0.3494078516960144,0,1.0,1,13,english,comment,True,adjudicator
t1_p19xiun,1,0.36015138030052185,0,1.0,1,13,taglish,comment,True,majority
t1_p1a0l1i,0,0.3696563243865967,0,1.0,1,13,tagalog,comment,True,adjudicator
t1_p1a0ms4,0,0.3260568082332611,0,1.0,1,13,tagalog,comment,True,adjudicator
t1_p1a3ayu,0,0.37688109278678894,0,1.0,1,13,taglish,comment,True,majority
t1_p1a7j8r,0,0.3506993055343628,0,1.0,1,13,tagalog,comment,True,adjudicator
t1_p1adckb,1,0.3447191119194031,0,1.0,1,13,english,comment,True,majority
t1_p1aepxs,0,0.36857613921165466,0,1.0,1,13,english,comment,True,majority
t1_p1apmf3,0,0.34997695684432983,0,1.0,1,13,english,comment,True,adjudicator
t1_p1ltuyu,0,0.350838303565979,0,1.0,1,13,taglish,comment,True,unanimous
t1_p1m5x7f,0,0.3469145596027374,0,1.0,1,13,tagalog,comment,True,adjudicator
t1_p1djpes,0,0.38623517751693726,0,1.0,2,13,taglish,comment,True,majority
t1_p1dnd2j,0,0.42571717500686646,0,1.0,2,13,taglish,comment,True,unanimous
t1_p1dznje,0,0.3866765797138214,0,1.0,2,13,english,comment,True,majority
t1_p1dzqwj,0,0.3995480537414551,0,1.0,2,13,taglish,comment,True,majority
t1_p1eq6kz,0,0.4003170430660248,0,1.0,2,13,english,comment,True,unanimous
t1_p1es5hg,0,0.4263663589954376,0,1.0,2,13,taglish,comment,True,unanimous
t1_p1f97sw,0,0.4002254605293274,0,1.0,2,13,taglish,comment,True,adjudicator
t1_p1fvrpk,0,0.38801640272140503,0,1.0,2,13,taglish,comment,True,unanimous
t1_p1fze4d,0,0.3864232897758484,0,1.0,2,13,english,comment,True,majority
t1_p1g57i2,0,0.42705321311950684,0,1.0,2,13,tagalog,comment,True,adjudicator
t1_p1g5qka,0,0.4239722192287445,0,1.0,2,13,tagalog,comment,True,majority
t1_p1grex5,0,0.3863943815231323,0,1.0,2,13,taglish,comment,True,adjudicator
t1_p1hfv32,0,0.40072736144065857,0,1.0,2,13,english,comment,True,majority
t1_p1i48w4,0,0.3990795910358429,0,1.0,2,13,tagalog,comment,True,adjudicator
t1_p1ja79o,0,0.3986697793006897,0,1.0,2,13,english,comment,True,majority
t1_p1jp3l4,0,0.399643212556839,0,1.0,2,13,taglish,comment,True,unanimous
t1_p1jrstc,0,0.4229589104652405,0,1.0,2,13,taglish,comment,True,unanimous
t1_p1lc7pm,0,0.3981650769710541,0,1.0,2,13,taglish,comment,True,unanimous
t1_p1mu387,0,0.40064674615859985,0,1.0,2,13,taglish,comment,True,unanimous
t1_p1n3zw1,1,0.3879149258136749,0,1.0,2,13,taglish,comment,True,majority
t1_p170d0o,0,0.47023671865463257,0,1.0,3,13,taglish,comment,True,majority
t1_p170sk2,0,0.4572124779224396,0,1.0,3,13,tagalog,comment,True,majority
t1_p174s1z,0,0.4585154056549072,0,1.0,3,13,taglish,comment,True,unanimous
t1_p1753z6,0,0.48348408937454224,0,1.0,3,13,taglish,comment,True,majority
t1_p179xnz,0,0.4619268774986267,0,1.0,3,13,tagalog,comment,True,majority
t1_p1803rr,0,0.4801625609397888,0,1.0,3,13,taglish,comment,True,unanimous
t1_p1fgp0a,0,0.4633835256099701,0,1.0,3,13,tagalog,comment,True,majority
t1_p1fhv1i,1,0.4604102075099945,0,1.0,3,13,english,comment,True,unanimous
t1_p1fn9yv,1,0.45898520946502686,0,1.0,3,13,tagalog,comment,True,majority
t1_p1fvdhe,1,0.4610016345977783,0,1.0,3,13,taglish,comment,True,majority
t1_p1hkxhw,0,0.4633531868457794,0,1.0,3,13,english,comment,True,majority
t1_p1km08o,0,0.4586517810821533,0,1.0,3,13,taglish,comment,True,unanimous
t1_p1l7hh9,0,0.46124428510665894,0,1.0,3,13,english,comment,True,majority
t1_p1l7l9x,0,0.4620482325553894,0,1.0,3,13,english,comment,True,majority
t1_p1l7mnt,0,0.4634442627429962,0,1.0,3,13,english,comment,True,majority
t1_p1l89tc,0,0.46182069182395935,0,1.0,3,13,english,comment,True,majority
t1_p1l9jpp,0,0.463262140750885,0,1.0,3,13,english,comment,True,majority
t1_p1lawu3,0,0.4627765119075775,0,1.0,3,13,english,comment,True,adjudicator
t1_p1lh5c8,0,0.45843201875686646,0,1.0,3,13,taglish,comment,True,majority
t1_p1mpeix,0,0.462564080953598,0,1.0,3,13,taglish,comment,True,unanimous
t1_p1myxf9,0,0.46186619997024536,0,1.0,3,13,taglish,comment,True,majority
t1_p12zfuz,1,0.34967151284217834,0,1.0,4,13,taglish,comment,True,majority
t1_p130vn2,1,0.34932461380958557,0,1.0,4,13,taglish,comment,True,majority
t1_p13dudf,0,0.35445401072502136,0,1.0,4,13,english,comment,True,majority
t1_p13wzgf,0,0.3527590036392212,0,1.0,4,13,taglish,comment,True,majority
t1_p1ccqgk,0,0.3503657877445221,0,1.0,4,13,taglish,comment,True,majority
t1_p1cdbdx,0,0.3491997718811035,0,1.0,4,13,taglish,comment,True,majority
t1_p1cedxe,0,0.34764784574508667,0,1.0,4,13,taglish,comment,True,majority
t1_p1dkqqv,0,0.3507826626300812,0,1.0,4,13,taglish,comment,True,unanimous
t1_p1duvt0,0,0.32906824350357056,0,1.0,4,13,tagalog,comment,True,adjudicator
t1_p1dvuqm,0,0.37239107489585876,0,1.0,4,13,taglish,comment,True,majority
t1_p1dxq5m,0,0.37903353571891785,0,1.0,4,13,taglish,comment,True,adjudicator
t1_p1dy529,0,0.35010191798210144,0,1.0,4,13,tagalog,comment,True,majority
t1_p1e7k8b,0,0.3835258483886719,0,1.0,4,13,tagalog,comment,True,majority
t1_p1eb0oi,0,0.38523009419441223,0,1.0,4,13,english,comment,True,majority
t1_p1ef3av,0,0.389865905046463,0,1.0,4,13,taglish,comment,True,majority
t1_p1f6t59,0,0.34748175740242004,0,1.0,4,13,taglish,comment,True,majority
t1_p1gen71,0,0.35158929228782654,0,1.0,4,13,english,comment,True,majority
t1_p1gfta2,0,0.391289621591568,0,1.0,4,13,english,comment,True,majority
t1_p1j0xwk,0,0.3481047749519348,0,1.0,4,13,taglish,comment,True,unanimous
