reddit_fullname,y_true,prob,pred,gate_temp,fold,seed,language,record_type,resolved_by,natural
t1_p1909oy,0,0.5371552109718323,1,1.0,0,13,taglish,comment,majority,True
t1_p19b22n,0,0.5309205651283264,1,1.0,0,13,tagalog,comment,adjudicator,True
t1_p19d0zp,0,0.532736599445343,1,1.0,0,13,taglish,comment,majority,True
t1_p19fhxd,0,0.5317185521125793,1,1.0,0,13,english,comment,adjudicator,True
t1_p19iari,0,0.5301452875137329,1,1.0,0,13,tagalog,comment,majority,True
t1_p19liw1,0,0.5343467593193054,1,1.0,0,13,taglish,comment,majority,True
t1_p1cts3h,0,0.5349162220954895,1,1.0,0,13,taglish,comment,majority,True
t1_p1dpfng,0,0.5362445712089539,1,1.0,0,13,tagalog,comment,adjudicator,True
t1_p1dwcr5,0,0.5308825373649597,1,1.0,0,13,english,comment,unanimous,True
t1_p1gpjeu,0,0.4978218078613281,0,1.0,0,13,english,comment,adjudicator,True
t1_p1h381d,0,0.5354704260826111,1,1.0,0,13,english,comment,majority,True
t1_p1h3j89,0,0.5331696271896362,1,1.0,0,13,taglish,comment,unanimous,True
t1_p1h4hlk,0,0.4960099160671234,0,1.0,0,13,taglish,comment,unanimous,True
t1_p1h4zk8,0,0.535159170627594,1,1.0,0,13,taglish,comment,unanimous,True
t1_p1h586a,0,0.5353869199752808,1,1.0,0,13,taglish,comment,majority,True
t1_p1h99c1,0,0.5336936712265015,1,1.0,0,13,taglish,comment,majority,True
t1_p1ha0n6,0,0.4940226674079895,0,1.0,0,13,taglish,comment,unanimous,True
t1_p1j6wut,0,0.4968872368335724,0,1.0,0,13,taglish,comment,majority,True
t1_p1jinlf,0,0.5329113602638245,1,1.0,0,13,taglish,comment,majority,True
t1_p1k1fvl,0,0.4968147873878479,0,1.0,0,13,taglish,comment,majority,True
t1_p17bhzz,0,0.5117452144622803,1,1.0,1,13,english,comment,majority,True
t1_p17cc1p,0,0.5063244104385376,1,1.0,1,13,taglish,comment,majority,True
t1_p17cxz7,0,0.5084105730056763,1,1.0,1,13,taglish,comment,majority,True
t1_p17edm7,0,0.5132625102996826,1,1.0,1,13,english,comment,majority,True
t1_p17gqxd,0,0.47007134556770325,0,1.0,1,13,taglish,comment,unanimous,True
t1_p17gt8l,0,0.47306761145591736,0,1.0,1,13,taglish,comment,unanimous,True
t1_p17ohe5,0,0.5084677934646606,1,1.0,1,13,english,comment,majority,True
t1_p18ei05,0,0.5073275566101074,1,1.0,1,13,taglish,comment,unanimous,True
t1_p18lnfm,0,0.4700523614883423,0,1.0,1,13,taglish,comment,majority,True
t1_p19v9nc,0,0.507529616355896,1,1.0,1,13,english,comment,adjudicator,True
t1_p19xiun,1,0.5055654048919678,1,1.0,1,13,taglish,comment,majority,True
t1_p1a0l1i,0,0.5069689750671387,1,1.0,1,13,tagalog,comment,adjudicator,True
t1_p1a0ms4,0,0.477880597114563,0,1.0,1,13,tagalog,comment,adjudicator,True
t1_p1a3ayu,0,0.4712916910648346,0,1.0,1,13,taglish,comment,majority,True
t1_p1a7j8r,0,0.5108148455619812,1,1.0,1,13,tagalog,comment,adjudicator,True
t1_p1adckb,1,0.5088072419166565,1,1.0,1,13,english,comment,majority,True
t1_p1aepxs,0,0.470588356256485,0,1.0,1,13,english,comment,majority,True
t1_p1apmf3,0,0.5087233185768127,1,1.0,1,13,english,comment,adjudicator,True
t1_p1ltuyu,0,0.5078194737434387,1,1.0,1,13,taglish,comment,unanimous,True
t1_p1m5x7f,0,0.5062291026115417,1,1.0,1,13,tagalog,comment,adjudicator,True
t1_p1djpes,0,0.49151691794395447,0,1.0,2,13,taglish,comment,majority,True
t1_p1dnd2j,0,0.4801129996776581,0,1.0,2,13,taglish,comment,unanimous,True
t1_p1dznje,0,0.5248798727989197,1,1.0,2,13,english,comment,majority,True
t1_p1dzqwj,0,0.4857178330421448,0,1.0,2,13,taglish,comment,majority,True
t1_p1eq6kz,0,0.5227979421615601,1,1.0,2,13,english,comment,unanimous,True
t1_p1es5hg,0,0.4903137683868408,0,1.0,2,13,taglish,comment,unanimous,True
t1_p1f97sw,0,0.5239684581756592,1,1.0,2,13,taglish,comment,adjudicator,True
t1_p1fvrpk,0,0.5229692459106445,1,1.0,2,13,taglish,comment,unanimous,True
t1_p1fze4d,0,0.4925580620765686,0,1.0,2,13,english,comment,majority,True
t1_p1g57i2,0,0.4815548360347748,0,1.0,2,13,tagalog,comment,adjudicator,True
t1_p1g5qka,0,0.48211151361465454,0,1.0,2,13,tagalog,comment,majority,True
t1_p1grex5,0,0.5197536945343018,1,1.0,2,13,taglish,comment,adjudicator,True
t1_p1hfv32,0,0.5260992646217346,1,1.0,2,13,english,comment,majority,True
t1_p1i48w4,0,0.5218452215194702,1,1.0,2,13,tagalog,comment,adjudicator,True
t1_p1ja79o,0,0.5237248539924622,1,1.0,2,13,english,comment,majority,True
t1_p1jp3l4,0,0.5207961797714233,1,1.0,2,13,taglish,comment,unanimous,True
t1_p1jrstc,0,0.4831668436527252,0,1.0,2,13,taglish,comment,unanimous,True
t1_p1lc7pm,0,0.518163800239563,1,1.0,2,13,taglish,comment,unanimous,True
t1_p1mu387,0,0.5229350328445435,1,1.0,2,13,taglish,comment,unanimous,True
t1_p1n3zw1,1,0.5232090950012207,1,1.0,2,13,taglish,comment,majority,True
t1_p170d0o,0,0.5539577603340149,1,1.0,3,13,taglish,comment,majority,True
t1_p170sk2,0,0.555631160736084,1,1.0,3,13,tagalog,comment,majority,True
t1_p174s1z,0,0.5555709004402161,1,1.0,3,13,taglish,comment,unanimous,True
t1_p1753z6,0,0.5215834379196167,1,1.0,3,13,taglish,comment,majority,True
t1_p179xnz,0,0.5534751415252686,1,1.0,3,13,tagalog,comment,majority,True
t1_p1803rr,0,0.5555709004402161,1,1.0,3,13,taglish,comment,unanimous,True
t1_p1fgp0a,0,0.5222688317298889,1,1.0,3,13,tagalog,comment,majority,True
t1_p1fhv1i,1,0.5560530424118042,1,1.0,3,13,english,comment,unanimous,True
t1_p1fn9yv,1,0.5555859208106995,1,1.0,3,13,tagalog,comment,majority,True
t1_p1fvdhe,1,0.5567460656166077,1,1.0,3,13,taglish,comment,majority,True
t1_p1hkxhw,0,0.5563393235206604,1,1.0,3,13,english,comment,majority,True
t1_p1km08o,0,0.5555558204650879,1,1.0,3,13,taglish,comment,unanimous,True
t1_p1l7hh9,0,0.5559476017951965,1,1.0,3,13,english,comment,majority,True
t1_p1l7l9x,0,0.5542895197868347,1,1.0,3,13,english,comment,majority,True
t1_p1l7mnt,0,0.5542141199111938,1,1.0,3,13,english,comment,majority,True
t1_p1l89tc,0,0.5557215809822083,1,1.0,3,13,english,comment,majority,True
t1_p1l9jpp,0,0.5547870993614197,1,1.0,3,13,english,comment,majority,True
t1_p1lawu3,0,0.5545005798339844,1,1.0,3,13,english,comment,adjudicator,True
t1_p1lh5c8,0,0.5557818412780762,1,1.0,3,13,taglish,comment,majority,True
t1_p1mpeix,0,0.5540482401847839,1,1.0,3,13,taglish,comment,unanimous,True
t1_p1myxf9,0,0.5561434626579285,1,1.0,3,13,taglish,comment,majority,True
t1_p12zfuz,1,0.5101285576820374,1,1.0,4,13,taglish,comment,majority,True
t1_p130vn2,1,0.507590651512146,1,1.0,4,13,taglish,comment,majority,True
t1_p13dudf,0,0.510961651802063,1,1.0,4,13,english,comment,majority,True
t1_p13wzgf,0,0.5122884511947632,1,1.0,4,13,taglish,comment,majority,True
t1_p1ccqgk,0,0.5080292224884033,1,1.0,4,13,taglish,comment,majority,True
t1_p1cdbdx,0,0.5084754228591919,1,1.0,4,13,taglish,comment,majority,True
t1_p1cedxe,0,0.5077775716781616,1,1.0,4,13,taglish,comment,majority,True
t1_p1dkqqv,0,0.5126850008964539,1,1.0,4,13,taglish,comment,unanimous,True
t1_p1duvt0,0,0.48660027980804443,0,1.0,4,13,tagalog,comment,adjudicator,True
t1_p1dvuqm,0,0.48251745104789734,0,1.0,4,13,taglish,comment,majority,True
t1_p1dxq5m,0,0.5127707123756409,1,1.0,4,13,taglish,comment,adjudicator,True
t1_p1dy529,0,0.5082619190216064,1,1.0,4,13,tagalog,comment,majority,True
t1_p1e7k8b,0,0.5100389122962952,1,1.0,4,13,tagalog,comment,majority,True
t1_p1eb0oi,0,0.512675404548645,1,1.0,4,13,english,comment,majority,True
t1_p1ef3av,0,0.48302802443504333,0,1.0,4,13,taglish,comment,majority,True
t1_p1f6t59,0,0.506679117679596,1,1.0,4,13,taglish,comment,majority,True
t1_p1gen71,0,0.48755139112472534,0,1.0,4,13,english,comment,majority,True
t1_p1gfta2,0,0.4861180782318115,0,1.0,4,13,english,comment,majority,True
t1_p1j0xwk,0,0.506965160369873,1,1.0,4,13,taglish,comment,unanimous,True
