reddit_fullname,y_true,prob,pred,fold,seed,language,record_type,resolved_by,natural
t1_p1909oy,0,0.43459630012512207,0,0,13,taglish,comment,majority,True
t1_p19b22n,0,0.4348062574863434,0,0,13,tagalog,comment,adjudicator,True
t1_p19d0zp,0,0.43582648038864136,0,0,13,taglish,comment,majority,True
t1_p19fhxd,0,0.43152427673339844,0,0,13,english,comment,adjudicator,True
t1_p19iari,0,0.4329322576522827,0,0,13,tagalog,comment,majority,True
t1_p19liw1,0,0.43477627635002136,0,0,13,taglish,comment,majority,True
t1_p1cts3h,0,0.4371175765991211,0,0,13,taglish,comment,majority,True
t1_p1dpfng,0,0.4318237602710724,0,0,13,tagalog,comment,adjudicator,True
t1_p1dwcr5,0,0.4306710660457611,0,0,13,english,comment,unanimous,True
t1_p1gpjeu,0,0.4304615557193756,0,0,13,english,comment,adjudicator,True
t1_p1h381d,0,0.43168899416923523,0,0,13,english,comment,majority,True
t1_p1h3j89,0,0.4361116290092468,0,0,13,taglish,comment,unanimous,True
t1_p1h4hlk,0,0.4339514970779419,0,0,13,taglish,comment,unanimous,True
t1_p1h4zk8,0,0.43390652537345886,0,0,13,taglish,comment,unanimous,True
t1_p1h586a,0,0.43206340074539185,0,0,13,taglish,comment,majority,True
t1_p1h99c1,0,0.4356164038181305,0,0,13,taglish,comment,majority,True
t1_p1ha0n6,0,0.4317638576030731,0,0,13,taglish,comment,unanimous,True
t1_p1j6wut,0,0.43417641520500183,0,0,13,taglish,comment,majority,True
t1_p1jinlf,0,0.43077585101127625,0,0,13,taglish,comment,majority,True
t1_p1k1fvl,0,0.43197354674339294,0,0,13,taglish,comment,majority,True
