reddit_fullname,y_true,prob,pred,gate_temp,gate_ret,fold,seed,language,record_type,natural,resolved_by
t1_p1909oy,0,0.5236411094665527,1,0.4744333326816559,0.5255666971206665,0,13,taglish,comment,True,majority
t1_p19b22n,0,0.5233784914016724,1,0.47475865483283997,0.5252413749694824,0,13,tagalog,comment,True,adjudicator
t1_p19d0zp,0,0.5253688097000122,1,0.4744476079940796,0.5255523920059204,0,13,taglish,comment,True,majority
t1_p19fhxd,0,0.5244137048721313,1,0.47378087043762207,0.5262191295623779,0,13,english,comment,True,adjudicator
t1_p19iari,0,0.5249236226081848,1,0.47407951951026917,0.5259205102920532,0,13,tagalog,comment,True,majority
t1_p19liw1,0,0.5234698057174683,1,0.4737580418586731,0.5262419581413269,0,13,taglish,comment,True,majority
t1_p1cts3h,0,0.5246610641479492,1,0.4736020565032959,0.5263979434967041,0,13,taglish,comment,True,majority
t1_p1dpfng,0,0.5217529535293579,1,0.4749374985694885,0.5250625610351562,0,13,tagalog,comment,True,adjudicator
t1_p1dwcr5,0,0.52434903383255,1,0.47335100173950195,0.526648998260498,0,13,english,comment,True,unanimous
t1_p1gpjeu,0,0.5135512351989746,1,0.4077165722846985,0.5922834277153015,0,13,english,comment,True,adjudicator
t1_p1h381d,0,0.5181918740272522,1,0.47396916151046753,0.5260307788848877,0,13,english,comment,True,majority
t1_p1h3j89,0,0.5252470970153809,1,0.47381889820098877,0.5261810421943665,0,13,taglish,comment,True,unanimous
t1_p1h4hlk,0,0.5134245157241821,1,0.40465447306632996,0.5953455567359924,0,13,taglish,comment,True,unanimous
t1_p1h4zk8,0,0.5227351784706116,1,0.4738141596317291,0.5261858701705933,0,13,taglish,comment,True,unanimous
t1_p1h586a,0,0.5258710384368896,1,0.47421643137931824,0.5257835388183594,0,13,taglish,comment,True,majority
t1_p1h99c1,0,0.5253878235816956,1,0.4740947484970093,0.5259053111076355,0,13,taglish,comment,True,majority
t1_p1ha0n6,0,0.5119682550430298,1,0.4088371992111206,0.5911628007888794,0,13,taglish,comment,True,unanimous
t1_p1j6wut,0,0.5145118236541748,1,0.4053898751735687,0.5946100950241089,0,13,taglish,comment,True,majority
t1_p1jinlf,0,0.5247980356216431,1,0.47444188594818115,0.5255581140518188,0,13,taglish,comment,True,majority
t1_p1k1fvl,0,0.511017918586731,1,0.4065379500389099,0.5934619903564453,0,13,taglish,comment,True,majority
t1_p17bhzz,0,0.494160920381546,0,0.4754207730293274,0.5245792269706726,1,13,english,comment,True,majority
t1_p17cc1p,0,0.4948084056377411,0,0.47408899664878845,0.5259109735488892,1,13,taglish,comment,True,majority
t1_p17cxz7,0,0.49631887674331665,0,0.4743838608264923,0.5256161093711853,1,13,taglish,comment,True,majority
t1_p17edm7,0,0.4945700168609619,0,0.4745798110961914,0.5254201889038086,1,13,english,comment,True,majority
t1_p17gqxd,0,0.48542436957359314,0,0.4017758369445801,0.5982241630554199,1,13,taglish,comment,True,unanimous
t1_p17gt8l,0,0.4859408140182495,0,0.40159979462623596,0.5984001755714417,1,13,taglish,comment,True,unanimous
t1_p17ohe5,0,0.49697497487068176,0,0.4742564260959625,0.5257436037063599,1,13,english,comment,True,majority
t1_p18ei05,0,0.49546825885772705,0,0.47419553995132446,0.5258044600486755,1,13,taglish,comment,True,unanimous
t1_p18lnfm,0,0.48489266633987427,0,0.4000459909439087,0.5999539494514465,1,13,taglish,comment,True,majority
t1_p19v9nc,0,0.49572381377220154,0,0.4743058681488037,0.5256940722465515,1,13,english,comment,True,adjudicator
t1_p19xiun,1,0.4928402900695801,0,0.47445428371429443,0.5255457758903503,1,13,taglish,comment,True,majority
t1_p1a0l1i,0,0.4926190972328186,0,0.4746159613132477,0.5253840088844299,1,13,tagalog,comment,True,adjudicator
t1_p1a0ms4,0,0.4839904308319092,0,0.39280256628990173,0.6071974039077759,1,13,tagalog,comment,True,adjudicator
t1_p1a3ayu,0,0.48746371269226074,0,0.4001632034778595,0.5998368263244629,1,13,taglish,comment,True,majority
t1_p1a7j8r,0,0.4950944781303406,0,0.47467872500419617,0.5253212451934814,1,13,tagalog,comment,True,adjudicator
t1_p1adckb,1,0.4953957796096802,0,0.4740167260169983,0.5259832739830017,1,13,english,comment,True,majority
t1_p1aepxs,0,0.48689571022987366,0,0.39943090081214905,0.6005690693855286,1,13,english,comment,True,majority
t1_p1apmf3,0,0.4950982630252838,0,0.4744485318660736,0.525551438331604,1,13,english,comment,True,adjudicator
t1_p1ltuyu,0,0.4953500032424927,0,0.47492414712905884,0.5250757932662964,1,13,taglish,comment,True,unanimous
t1_p1m5x7f,0,0.49286702275276184,0,0.47480812668800354,0.5251919031143188,1,13,tagalog,comment,True,adjudicator
t1_p1djpes,0,0.5057218074798584,1,0.410135954618454,0.5898640155792236,2,13,taglish,comment,True,majority
t1_p1dnd2j,0,0.5036162734031677,1,0.39872831106185913,0.6012716889381409,2,13,taglish,comment,True,unanimous
t1_p1dznje,0,0.5115962624549866,1,0.4748404622077942,0.5251595973968506,2,13,english,comment,True,majority
t1_p1dzqwj,0,0.503410279750824,1,0.39796769618988037,0.6020323634147644,2,13,taglish,comment,True,majority
t1_p1eq6kz,0,0.5115708112716675,1,0.4748157262802124,0.5251842737197876,2,13,english,comment,True,unanimous
t1_p1es5hg,0,0.5058247447013855,1,0.4075396955013275,0.5924602746963501,2,13,taglish,comment,True,unanimous
t1_p1f97sw,0,0.5155903697013855,1,0.47397297620773315,0.5260270237922668,2,13,taglish,comment,True,adjudicator
t1_p1fvrpk,0,0.5132901072502136,1,0.4727253317832947,0.5272746682167053,2,13,taglish,comment,True,unanimous
t1_p1fze4d,0,0.5043638944625854,1,0.408040851354599,0.5919591188430786,2,13,english,comment,True,majority
t1_p1g57i2,0,0.501617431640625,1,0.4008080065250397,0.5991920232772827,2,13,tagalog,comment,True,adjudicator
t1_p1g5qka,0,0.5038451552391052,1,0.3988746106624603,0.6011253595352173,2,13,tagalog,comment,True,majority
t1_p1grex5,0,0.5122513175010681,1,0.472995400428772,0.5270046591758728,2,13,taglish,comment,True,adjudicator
t1_p1hfv32,0,0.5139486193656921,1,0.47449326515197754,0.5255067348480225,2,13,english,comment,True,majority
t1_p1i48w4,0,0.5117880702018738,1,0.47304007411003113,0.5269599556922913,2,13,tagalog,comment,True,adjudicator
t1_p1ja79o,0,0.5144372582435608,1,0.47340425848960876,0.5265957117080688,2,13,english,comment,True,majority
t1_p1jp3l4,0,0.5136763453483582,1,0.4733985364437103,0.5266014337539673,2,13,taglish,comment,True,unanimous
t1_p1jrstc,0,0.5033110976219177,1,0.4020986258983612,0.5979014039039612,2,13,taglish,comment,True,unanimous
t1_p1lc7pm,0,0.5118586421012878,1,0.4744884967803955,0.5255115032196045,2,13,taglish,comment,True,unanimous
t1_p1mu387,0,0.5158852338790894,1,0.473486989736557,0.5265129804611206,2,13,taglish,comment,True,unanimous
t1_p1n3zw1,1,0.5116260647773743,1,0.4730343520641327,0.5269656181335449,2,13,taglish,comment,True,majority
t1_p170d0o,0,0.5478420853614807,1,0.4730338752269745,0.5269660949707031,3,13,taglish,comment,True,majority
t1_p170sk2,0,0.5476001501083374,1,0.4734506905078888,0.5265493392944336,3,13,tagalog,comment,True,majority
t1_p174s1z,0,0.5441049933433533,1,0.4731617271900177,0.5268383026123047,3,13,taglish,comment,True,unanimous
t1_p1753z6,0,0.5388315320014954,1,0.40907323360443115,0.5909267067909241,3,13,taglish,comment,True,majority
t1_p179xnz,0,0.5443170070648193,1,0.47324198484420776,0.5267580151557922,3,13,tagalog,comment,True,majority
t1_p1803rr,0,0.5488246083259583,1,0.4735116958618164,0.5264882445335388,3,13,taglish,comment,True,unanimous
t1_p1fgp0a,0,0.5354323983192444,1,0.4169301688671112,0.5830698013305664,3,13,tagalog,comment,True,majority
t1_p1fhv1i,1,0.5423634052276611,1,0.47417688369750977,0.5258231163024902,3,13,english,comment,True,unanimous
t1_p1fn9yv,1,0.5430147647857666,1,0.4737433195114136,0.5262566804885864,3,13,tagalog,comment,True,majority
t1_p1fvdhe,1,0.5469952821731567,1,0.47307488322257996,0.5269251465797424,3,13,taglish,comment,True,majority
t1_p1hkxhw,0,0.5462238192558289,1,0.473185658454895,0.526814341545105,3,13,english,comment,True,majority
t1_p1km08o,0,0.5477513670921326,1,0.47351932525634766,0.5264806747436523,3,13,taglish,comment,True,unanimous
t1_p1l7hh9,0,0.5489304065704346,1,0.47291797399520874,0.5270820260047913,3,13,english,comment,True,majority
t1_p1l7l9x,0,0.5483561158180237,1,0.4731087386608124,0.5268912315368652,3,13,english,comment,True,majority
t1_p1l7mnt,0,0.5480991005897522,1,0.4733997881412506,0.526600182056427,3,13,english,comment,True,majority
t1_p1l89tc,0,0.5497312545776367,1,0.47316426038742065,0.5268357396125793,3,13,english,comment,True,majority
t1_p1l9jpp,0,0.5488397479057312,1,0.4725451171398163,0.5274548530578613,3,13,english,comment,True,majority
t1_p1lawu3,0,0.5453765392303467,1,0.47312435507774353,0.5268756747245789,3,13,english,comment,True,adjudicator
t1_p1lh5c8,0,0.5451343655586243,1,0.4732278287410736,0.526772141456604,3,13,taglish,comment,True,majority
t1_p1mpeix,0,0.5487339496612549,1,0.4730392098426819,0.5269607901573181,3,13,taglish,comment,True,unanimous
t1_p1myxf9,0,0.5453159809112549,1,0.4734325408935547,0.5265674591064453,3,13,taglish,comment,True,majority
t1_p12zfuz,1,0.4932674765586853,0,0.471340149641037,0.5286598205566406,4,13,taglish,comment,True,majority
t1_p130vn2,1,0.4937518537044525,0,0.4712636470794678,0.5287363529205322,4,13,taglish,comment,True,majority
t1_p13dudf,0,0.4962959885597229,0,0.4717199206352234,0.5282800793647766,4,13,english,comment,True,majority
t1_p13wzgf,0,0.49779510498046875,0,0.4709290564060211,0.5290709137916565,4,13,taglish,comment,True,majority
t1_p1ccqgk,0,0.49361833930015564,0,0.4719632863998413,0.5280367136001587,4,13,taglish,comment,True,majority
t1_p1cdbdx,0,0.4949190020561218,0,0.471466600894928,0.528533399105072,4,13,taglish,comment,True,majority
t1_p1cedxe,0,0.4939616024494171,0,0.4708297550678253,0.5291702747344971,4,13,taglish,comment,True,majority
t1_p1dkqqv,0,0.49779510498046875,0,0.47147417068481445,0.5285257697105408,4,13,taglish,comment,True,unanimous
t1_p1duvt0,0,0.4848507344722748,0,0.393996924161911,0.6060031056404114,4,13,tagalog,comment,True,adjudicator
t1_p1dvuqm,0,0.48666125535964966,0,0.3958929777145386,0.6041070222854614,4,13,taglish,comment,True,majority
t1_p1dxq5m,0,0.4939959645271301,0,0.471848726272583,0.528151273727417,4,13,taglish,comment,True,adjudicator
t1_p1dy529,0,0.49301955103874207,0,0.47155213356018066,0.5284478664398193,4,13,tagalog,comment,True,majority
t1_p1e7k8b,0,0.4928021728992462,0,0.4714338183403015,0.5285662412643433,4,13,tagalog,comment,True,majority
t1_p1eb0oi,0,0.49739840626716614,0,0.4728935956954956,0.5271063446998596,4,13,english,comment,True,majority
t1_p1ef3av,0,0.4898657500743866,0,0.39656463265419006,0.6034353375434875,4,13,taglish,comment,True,majority
t1_p1f6t59,0,0.4956437051296234,0,0.4708687365055084,0.529131293296814,4,13,taglish,comment,True,majority
t1_p1gen71,0,0.4912080466747284,0,0.40544870495796204,0.5945512652397156,4,13,english,comment,True,majority
t1_p1gfta2,0,0.491269052028656,0,0.4019225537776947,0.5980774760246277,4,13,english,comment,True,majority
t1_p1j0xwk,0,0.4944117069244385,0,0.471193790435791,0.528806209564209,4,13,taglish,comment,True,unanimous
