reddit_fullname,y_true,prob,pred,fold,seed,language,record_type,natural,resolved_by
t1_p1909oy,0,0.43833431601524353,0,0,13,taglish,comment,True,majority
t1_p19b22n,0,0.439581960439682,0,0,13,tagalog,comment,True,adjudicator
t1_p19d0zp,0,0.4411011338233948,0,0,13,taglish,comment,True,majority
t1_p19fhxd,0,0.44046926498413086,0,0,13,english,comment,True,adjudicator
t1_p19iari,0,0.43824419379234314,0,0,13,tagalog,comment,True,majority
t1_p19liw1,0,0.4396270215511322,0,0,13,taglish,comment,True,majority
t1_p1cts3h,0,0.4409356415271759,0,0,13,taglish,comment,True,majority
t1_p1dpfng,0,0.43549636006355286,0,0,13,tagalog,comment,True,adjudicator
t1_p1dwcr5,0,0.4392211139202118,0,0,13,english,comment,True,unanimous
t1_p1gpjeu,0,0.4370875060558319,0,0,13,english,comment,True,adjudicator
t1_p1h381d,0,0.4372977614402771,0,0,13,english,comment,True,majority
t1_p1h3j89,0,0.44210952520370483,0,0,13,taglish,comment,True,unanimous
t1_p1h4hlk,0,0.44001802802085876,0,0,13,taglish,comment,True,unanimous
t1_p1h4zk8,0,0.4398225247859955,0,0,13,taglish,comment,True,unanimous
t1_p1h586a,0,0.44001802802085876,0,0,13,taglish,comment,True,majority
t1_p1h99c1,0,0.44296780228614807,0,0,13,taglish,comment,True,majority
t1_p1ha0n6,0,0.4381389915943146,0,0,13,taglish,comment,True,unanimous
t1_p1j6wut,0,0.44018349051475525,0,0,13,taglish,comment,True,majority
t1_p1jinlf,0,0.43892043828964233,0,0,13,taglish,comment,True,majority
t1_p1k1fvl,0,0.43768832087516785,0,0,13,taglish,comment,True,majority
t1_p17bhzz,0,0.400016725063324,0,1,13,english,comment,True,majority
t1_p17cc1p,0,0.4001632034778595,0,1,13,taglish,comment,True,majority
t1_p17cxz7,0,0.40110117197036743,0,1,13,taglish,comment,True,majority
t1_p17edm7,0,0.398347944021225,0,1,13,english,comment,True,majority
t1_p17gqxd,0,0.40107184648513794,0,1,13,taglish,comment,True,unanimous
t1_p17gt8l,0,0.3971782624721527,0,1,13,taglish,comment,True,unanimous
t1_p17ohe5,0,0.40330246090888977,0,1,13,english,comment,True,majority
t1_p18ei05,0,0.4015117585659027,0,1,13,taglish,comment,True,unanimous
t1_p18lnfm,0,0.4004562497138977,0,1,13,taglish,comment,True,majority
t1_p19v9nc,0,0.4024215042591095,0,1,13,english,comment,True,adjudicator
t1_p19xiun,1,0.39513421058654785,0,1,13,taglish,comment,True,majority
t1_p1a0l1i,0,0.39864054322242737,0,1,13,tagalog,comment,True,adjudicator
t1_p1a0ms4,0,0.39843568205833435,0,1,13,tagalog,comment,True,adjudicator
t1_p1a3ayu,0,0.40371376276016235,0,1,13,taglish,comment,True,majority
t1_p1a7j8r,0,0.40098387002944946,0,1,13,tagalog,comment,True,adjudicator
t1_p1adckb,1,0.40162912011146545,0,1,13,english,comment,True,majority
t1_p1aepxs,0,0.4049485921859741,0,1,13,english,comment,True,majority
t1_p1apmf3,0,0.39858198165893555,0,1,13,english,comment,True,adjudicator
t1_p1ltuyu,0,0.3981139063835144,0,1,13,taglish,comment,True,unanimous
t1_p1m5x7f,0,0.39984095096588135,0,1,13,tagalog,comment,True,adjudicator
t1_p1djpes,0,0.42280250787734985,0,2,13,taglish,comment,True,majority
t1_p1dnd2j,0,0.42476987838745117,0,2,13,taglish,comment,True,unanimous
t1_p1dznje,0,0.4261125922203064,0,2,13,english,comment,True,majority
t1_p1dzqwj,0,0.424024373292923,0,2,13,taglish,comment,True,majority
t1_p1eq6kz,0,0.42536652088165283,0,2,13,english,comment,True,unanimous
t1_p1es5hg,0,0.4261125922203064,0,2,13,taglish,comment,True,unanimous
t1_p1f97sw,0,0.4252769947052002,0,2,13,taglish,comment,True,adjudicator
t1_p1fvrpk,0,0.4277552664279938,0,2,13,taglish,comment,True,unanimous
t1_p1fze4d,0,0.42763572931289673,0,2,13,english,comment,True,majority
t1_p1g57i2,0,0.4233090281486511,0,2,13,tagalog,comment,True,adjudicator
t1_p1g5qka,0,0.4262320101261139,0,2,13,tagalog,comment,True,majority
t1_p1grex5,0,0.4253963530063629,0,2,13,taglish,comment,True,adjudicator
t1_p1hfv32,0,0.4253963530063629,0,2,13,english,comment,True,majority
t1_p1i48w4,0,0.4241734743118286,0,2,13,tagalog,comment,True,adjudicator
t1_p1ja79o,0,0.4265305697917938,0,2,13,english,comment,True,majority
t1_p1jp3l4,0,0.42581412196159363,0,2,13,taglish,comment,True,unanimous
t1_p1jrstc,0,0.42551571130752563,0,2,13,taglish,comment,True,unanimous
t1_p1lc7pm,0,0.42465054988861084,0,2,13,taglish,comment,True,unanimous
t1_p1mu387,0,0.4282034933567047,0,2,13,taglish,comment,True,unanimous
t1_p1n3zw1,1,0.42381569743156433,0,2,13,taglish,comment,True,majority
t1_p170d0o,0,0.45311060547828674,0,3,13,taglish,comment,True,majority
t1_p170sk2,0,0.4550926685333252,0,3,13,tagalog,comment,True,majority
t1_p174s1z,0,0.45020830631256104,0,3,13,taglish,comment,True,unanimous
t1_p1753z6,0,0.45094868540763855,0,3,13,taglish,comment,True,majority
t1_p179xnz,0,0.4450320303440094,0,3,13,tagalog,comment,True,majority
t1_p1803rr,0,0.4539274573326111,0,3,13,taglish,comment,True,unanimous
t1_p1fgp0a,0,0.4507068991661072,0,3,13,tagalog,comment,True,majority
t1_p1fhv1i,1,0.44506219029426575,0,3,13,english,comment,True,unanimous
t1_p1fn9yv,1,0.44663044810295105,0,3,13,tagalog,comment,True,majority
t1_p1fvdhe,1,0.44866782426834106,0,3,13,taglish,comment,True,majority
t1_p1hkxhw,0,0.4526417851448059,0,3,13,english,comment,True,majority
t1_p1km08o,0,0.4514322876930237,0,3,13,taglish,comment,True,unanimous
t1_p1l7hh9,0,0.45196136832237244,0,3,13,english,comment,True,majority
t1_p1l7l9x,0,0.4502234160900116,0,3,13,english,comment,True,majority
t1_p1l7mnt,0,0.4529593586921692,0,3,13,english,comment,True,majority
t1_p1l89tc,0,0.452324241399765,0,3,13,english,comment,True,majority
t1_p1l9jpp,0,0.45078244805336,0,3,13,english,comment,True,majority
t1_p1lawu3,0,0.4458160400390625,0,3,13,english,comment,True,adjudicator
t1_p1lh5c8,0,0.44921138882637024,0,3,13,taglish,comment,True,majority
t1_p1mpeix,0,0.45177996158599854,0,3,13,taglish,comment,True,unanimous
t1_p1myxf9,0,0.45007234811782837,0,3,13,taglish,comment,True,majority
t1_p12zfuz,1,0.39992883801460266,0,4,13,taglish,comment,True,majority
t1_p130vn2,1,0.3970906138420105,0,4,13,taglish,comment,True,majority
t1_p13dudf,0,0.40218666195869446,0,4,13,english,comment,True,majority
t1_p13wzgf,0,0.4046838879585266,0,4,13,taglish,comment,True,majority
t1_p1ccqgk,0,0.4006907343864441,0,4,13,taglish,comment,True,majority
t1_p1cdbdx,0,0.4021572768688202,0,4,13,taglish,comment,True,majority
t1_p1cedxe,0,0.3993137776851654,0,4,13,taglish,comment,True,majority
t1_p1dkqqv,0,0.4046838879585266,0,4,13,taglish,comment,True,unanimous
t1_p1duvt0,0,0.4003976285457611,0,4,13,tagalog,comment,True,adjudicator
t1_p1dvuqm,0,0.39946019649505615,0,4,13,taglish,comment,True,majority
t1_p1dxq5m,0,0.39913812279701233,0,4,13,taglish,comment,True,adjudicator
t1_p1dy529,0,0.3985527455806732,0,4,13,tagalog,comment,True,majority
t1_p1e7k8b,0,0.4000459909439087,0,4,13,tagalog,comment,True,majority
t1_p1eb0oi,0,0.4056841731071472,0,4,13,english,comment,True,majority
t1_p1ef3av,0,0.4034787118434906,0,4,13,taglish,comment,True,majority
t1_p1f6t59,0,0.4019225537776947,0,4,13,taglish,comment,True,majority
t1_p1gen71,0,0.4066263437271118,0,4,13,english,comment,True,majority
t1_p1gfta2,0,0.4053310453891754,0,4,13,english,comment,True,majority
t1_p1j0xwk,0,0.4005734920501709,0,4,13,taglish,comment,True,unanimous
