reddit_fullname,y_true,prob,pred,gate_conv,gate_temp,gate_ret,fold,seed,language,record_type,resolved_by,natural
t1_p1909oy,0,0.496498167514801,0,0.4606567323207855,0.18675939738750458,0.3525839149951935,0,13,taglish,comment,majority,True
t1_p19b22n,0,0.496192991733551,0,0.41735002398490906,0.21355220675468445,0.3690977394580841,0,13,tagalog,comment,adjudicator,True
t1_p19d0zp,0,0.48733028769493103,0,0.42166683077812195,0.22446556389331818,0.3538675308227539,0,13,taglish,comment,majority,True
t1_p19fhxd,0,0.4764845073223114,0,0.42519208788871765,0.23573240637779236,0.3390754759311676,0,13,english,comment,adjudicator,True
t1_p19iari,0,0.4810653030872345,0,0.46883919835090637,0.19915007054805756,0.3320106863975525,0,13,tagalog,comment,majority,True
t1_p19liw1,0,0.4811461865901947,0,0.46827614307403564,0.20003096759319305,0.3316929042339325,0,13,taglish,comment,majority,True
t1_p1cts3h,0,0.4951836168766022,0,0.5640506148338318,0.1300421804189682,0.3059071898460388,0,13,taglish,comment,majority,True
t1_p1dpfng,0,0.4951602518558502,0,0.5616339445114136,0.13056431710720062,0.30780166387557983,0,13,tagalog,comment,adjudicator,True
t1_p1dwcr5,0,0.49436116218566895,0,0.5640236735343933,0.1301630139350891,0.3058132827281952,0,13,english,comment,unanimous,True
t1_p1gpjeu,0,0.4902842342853546,0,0.4789503812789917,0.17914554476737976,0.3419041335582733,0,13,english,comment,adjudicator,True
t1_p1h381d,0,0.4933275580406189,0,0.5635820031166077,0.12980732321739197,0.30661067366600037,0,13,english,comment,majority,True
t1_p1h3j89,0,0.4957810044288635,0,0.49002617597579956,0.16827695071697235,0.34169691801071167,0,13,taglish,comment,unanimous,True
t1_p1h4hlk,0,0.47524571418762207,0,0.4563134014606476,0.21045126020908356,0.3332352936267853,0,13,taglish,comment,unanimous,True
t1_p1h4zk8,0,0.4947320818901062,0,0.46449726819992065,0.18305806815624237,0.35244467854499817,0,13,taglish,comment,unanimous,True
t1_p1h586a,0,0.4816281199455261,0,0.4684498906135559,0.19835416972637177,0.3331959843635559,0,13,taglish,comment,majority,True
t1_p1h99c1,0,0.4978485405445099,0,0.4907985329627991,0.16796709597110748,0.34123432636260986,0,13,taglish,comment,majority,True
t1_p1ha0n6,0,0.47465020418167114,0,0.45743706822395325,0.20989063382148743,0.3326722979545593,0,13,taglish,comment,unanimous,True
t1_p1j6wut,0,0.4756414294242859,0,0.45642367005348206,0.21070778369903564,0.3328685462474823,0,13,taglish,comment,majority,True
t1_p1jinlf,0,0.4946901500225067,0,0.49029630422592163,0.1682875156402588,0.3414160907268524,0,13,taglish,comment,majority,True
t1_p1k1fvl,0,0.4752209782600403,0,0.45556384325027466,0.21247845888137817,0.33195772767066956,0,13,taglish,comment,majority,True
t1_p17bhzz,0,0.4478074014186859,0,0.5739651322364807,0.13356132805347443,0.29247355461120605,1,13,english,comment,majority,True
t1_p17cc1p,0,0.441928893327713,0,0.49275872111320496,0.17803019285202026,0.32921111583709717,1,13,taglish,comment,majority,True
t1_p17cxz7,0,0.4431033730506897,0,0.492559015750885,0.1780015081167221,0.3294394612312317,1,13,taglish,comment,majority,True
t1_p17edm7,0,0.4438264071941376,0,0.5738795399665833,0.13347624242305756,0.2926442325115204,1,13,english,comment,majority,True
t1_p17gqxd,0,0.4255753755569458,0,0.4342164695262909,0.24360309541225433,0.3221804201602936,1,13,taglish,comment,unanimous,True
t1_p17gt8l,0,0.42642611265182495,0,0.43138521909713745,0.24594594538211823,0.3226688802242279,1,13,taglish,comment,unanimous,True
t1_p17ohe5,0,0.44488129019737244,0,0.4938422441482544,0.1780300736427307,0.3281276226043701,1,13,english,comment,majority,True
t1_p18ei05,0,0.44363054633140564,0,0.4920825958251953,0.1783946305513382,0.3295228183269501,1,13,taglish,comment,unanimous,True
t1_p18lnfm,0,0.426127552986145,0,0.43466779589653015,0.24403499066829681,0.32129716873168945,1,13,taglish,comment,majority,True
t1_p19v9nc,0,0.4455295503139496,0,0.5733920335769653,0.13381946086883545,0.2927885055541992,1,13,english,comment,adjudicator,True
t1_p19xiun,1,0.4415074288845062,0,0.43330201506614685,0.21602411568164825,0.3506738543510437,1,13,taglish,comment,majority,True
t1_p1a0l1i,0,0.43047651648521423,0,0.44372767210006714,0.23359982669353485,0.322672575712204,1,13,tagalog,comment,adjudicator,True
t1_p1a0ms4,0,0.441311776638031,0,0.48332905769348145,0.18867461383342743,0.32799631357192993,1,13,tagalog,comment,adjudicator,True
t1_p1a3ayu,0,0.4332619309425354,0,0.3893802762031555,0.27140021324157715,0.3392195403575897,1,13,taglish,comment,majority,True
t1_p1a7j8r,0,0.44946813583374023,0,0.5732181072235107,0.13397496938705444,0.2928069233894348,1,13,tagalog,comment,adjudicator,True
t1_p1adckb,1,0.43494123220443726,0,0.4388425052165985,0.23587238788604736,0.3252851366996765,1,13,english,comment,majority,True
t1_p1aepxs,0,0.42465054988861084,0,0.40461790561676025,0.27868425846099854,0.3166978061199188,1,13,english,comment,majority,True
t1_p1apmf3,0,0.44619303941726685,0,0.5737637281417847,0.13357968628406525,0.2926566004753113,1,13,english,comment,adjudicator,True
t1_p1ltuyu,0,0.44617795944213867,0,0.5737197995185852,0.13389594852924347,0.2923842668533325,1,13,taglish,comment,unanimous,True
t1_p1m5x7f,0,0.44433870911598206,0,0.5732377767562866,0.13358762860298157,0.2931745946407318,1,13,tagalog,comment,adjudicator,True
t1_p1djpes,0,0.4731132686138153,0,0.4716372489929199,0.18605352938175201,0.34230923652648926,2,13,taglish,comment,majority,True
t1_p1dnd2j,0,0.4611304998397827,0,0.4275871515274048,0.23891952633857727,0.33349335193634033,2,13,taglish,comment,unanimous,True
t1_p1dznje,0,0.47843363881111145,0,0.47625526785850525,0.17844216525554657,0.3453024923801422,2,13,english,comment,majority,True
t1_p1dzqwj,0,0.4650382101535797,0,0.5518266558647156,0.14234498143196106,0.30582836270332336,2,13,taglish,comment,majority,True
t1_p1eq6kz,0,0.4700523614883423,0,0.560894250869751,0.13251043856143951,0.3065952658653259,2,13,english,comment,unanimous,True
t1_p1es5hg,0,0.4611304998397827,0,0.4299641251564026,0.237216979265213,0.3328188359737396,2,13,taglish,comment,unanimous,True
t1_p1f97sw,0,0.47147417068481445,0,0.5609145164489746,0.1348651796579361,0.3042203187942505,2,13,taglish,comment,adjudicator,True
t1_p1fvrpk,0,0.47859740257263184,0,0.4764716327190399,0.1773936152458191,0.346134752035141,2,13,taglish,comment,unanimous,True
t1_p1fze4d,0,0.47450563311576843,0,0.4698704779148102,0.18712985515594482,0.3429996073246002,2,13,english,comment,majority,True
t1_p1g57i2,0,0.4609409272670746,0,0.43031853437423706,0.23614075779914856,0.33354073762893677,2,13,tagalog,comment,adjudicator,True
t1_p1g5qka,0,0.45961421728134155,0,0.42778146266937256,0.23873651027679443,0.3334820568561554,2,13,tagalog,comment,majority,True
t1_p1grex5,0,0.4763474762439728,0,0.47585925459861755,0.17694950103759766,0.34719118475914,2,13,taglish,comment,adjudicator,True
t1_p1hfv32,0,0.47370290756225586,0,0.560738205909729,0.13469117879867554,0.3045705258846283,2,13,english,comment,majority,True
t1_p1i48w4,0,0.470341295003891,0,0.5597987174987793,0.13335396349430084,0.30684733390808105,2,13,tagalog,comment,adjudicator,True
t1_p1ja79o,0,0.47196853160858154,0,0.5609258413314819,0.13473625481128693,0.30433788895606995,2,13,english,comment,majority,True
t1_p1jp3l4,0,0.4692542552947998,0,0.5597617626190186,0.13328005373477936,0.30695822834968567,2,13,taglish,comment,unanimous,True
t1_p1jrstc,0,0.4597809910774231,0,0.4281821548938751,0.23773813247680664,0.3340797424316406,2,13,taglish,comment,unanimous,True
t1_p1lc7pm,0,0.46968749165534973,0,0.559249997138977,0.13374468684196472,0.3070053458213806,2,13,taglish,comment,unanimous,True
t1_p1mu387,0,0.47204458713531494,0,0.5583187341690063,0.1342410445213318,0.30744025111198425,2,13,taglish,comment,unanimous,True
t1_p1n3zw1,1,0.47768741846084595,0,0.4770629405975342,0.17696452140808105,0.34597253799438477,2,13,taglish,comment,majority,True
t1_p170d0o,0,0.5358157753944397,1,0.4117797911167145,0.20984211564064026,0.37837809324264526,3,13,taglish,comment,majority,True
t1_p170sk2,0,0.5435750484466553,1,0.46687206625938416,0.17586857080459595,0.3572593033313751,3,13,tagalog,comment,majority,True
t1_p174s1z,0,0.542242169380188,1,0.46284228563308716,0.17601856589317322,0.36113908886909485,3,13,taglish,comment,unanimous,True
t1_p1753z6,0,0.5077584981918335,1,0.43046078085899353,0.22282995283603668,0.346709281206131,3,13,taglish,comment,majority,True
t1_p179xnz,0,0.5312321782112122,1,0.5468907952308655,0.13181476294994354,0.32129451632499695,3,13,tagalog,comment,majority,True
t1_p1803rr,0,0.5145279765129089,1,0.44657906889915466,0.20611271262168884,0.3473082482814789,3,13,taglish,comment,unanimous,True
t1_p1fgp0a,0,0.5299552083015442,1,0.5328047871589661,0.14111031591892242,0.3260849118232727,3,13,tagalog,comment,majority,True
t1_p1fhv1i,1,0.535371720790863,1,0.55003821849823,0.1317988485097885,0.3181628882884979,3,13,english,comment,unanimous,True
t1_p1fn9yv,1,0.5339898467063904,1,0.5501130223274231,0.1318167746067047,0.3180702328681946,3,13,tagalog,comment,majority,True
t1_p1fvdhe,1,0.5322200059890747,1,0.5501450300216675,0.13182444870471954,0.3180305063724518,3,13,taglish,comment,majority,True
t1_p1hkxhw,0,0.535963773727417,1,0.5467405915260315,0.1317785531282425,0.3214808702468872,3,13,english,comment,majority,True
t1_p1km08o,0,0.5438703298568726,1,0.46397826075553894,0.175077423453331,0.36094436049461365,3,13,taglish,comment,unanimous,True
t1_p1l7hh9,0,0.5363432765007019,1,0.5493048429489136,0.13143044710159302,0.319264680147171,3,13,english,comment,majority,True
t1_p1l7l9x,0,0.5357512831687927,1,0.5493783950805664,0.131255641579628,0.3193659484386444,3,13,english,comment,majority,True
t1_p1l7mnt,0,0.5363584160804749,1,0.5493240356445312,0.1313708871603012,0.31930509209632874,3,13,english,comment,majority,True
t1_p1l89tc,0,0.5360245108604431,1,0.5493401288986206,0.13137473165988922,0.31928518414497375,3,13,english,comment,majority,True
t1_p1l9jpp,0,0.5362825393676758,1,0.5495956540107727,0.13124343752861023,0.3191608488559723,3,13,english,comment,majority,True
t1_p1lawu3,0,0.5331467986106873,1,0.5493543744087219,0.13124988973140717,0.3193957805633545,3,13,english,comment,adjudicator,True
t1_p1lh5c8,0,0.5428405404090881,1,0.4645233452320099,0.17536874115467072,0.3601078987121582,3,13,taglish,comment,majority,True
t1_p1mpeix,0,0.5362825393676758,1,0.5493155717849731,0.13143302500247955,0.3192514181137085,3,13,taglish,comment,unanimous,True
t1_p1myxf9,0,0.533564567565918,1,0.5465698838233948,0.13205942511558533,0.3213706612586975,3,13,taglish,comment,majority,True
t1_p12zfuz,1,0.4414322078227997,0,0.5675683617591858,0.13297875225543976,0.29945284128189087,4,13,taglish,comment,majority,True
t1_p130vn2,1,0.44060465693473816,0,0.5675212144851685,0.1330326348543167,0.2994461953639984,4,13,taglish,comment,majority,True
t1_p13dudf,0,0.441928893327713,0,0.5673010349273682,0.13324102759361267,0.29945796728134155,4,13,english,comment,majority,True
t1_p13wzgf,0,0.4448360800743103,0,0.567335307598114,0.1334443986415863,0.2992202937602997,4,13,taglish,comment,majority,True
t1_p1ccqgk,0,0.44146230816841125,0,0.5671311616897583,0.131906658411026,0.3009622097015381,4,13,taglish,comment,majority,True
t1_p1cdbdx,0,0.442666620016098,0,0.5670581459999084,0.13195408880710602,0.30098775029182434,4,13,taglish,comment,majority,True
t1_p1cedxe,0,0.44125160574913025,0,0.5675376653671265,0.1317436546087265,0.3007186949253082,4,13,taglish,comment,majority,True
t1_p1dkqqv,0,0.4433744549751282,0,0.5670790672302246,0.1318945288658142,0.3010264039039612,4,13,taglish,comment,unanimous,True
t1_p1duvt0,0,0.4394015073776245,0,0.4777221381664276,0.18822401762008667,0.3340538442134857,4,13,tagalog,comment,adjudicator,True
t1_p1dvuqm,0,0.42884624004364014,0,0.4357852041721344,0.23762746155261993,0.3265873193740845,4,13,taglish,comment,majority,True
t1_p1dxq5m,0,0.44986844062805176,0,0.38401126861572266,0.24371279776096344,0.3722760081291199,4,13,taglish,comment,adjudicator,True
t1_p1dy529,0,0.4416579604148865,0,0.5698518753051758,0.13253946602344513,0.2976086437702179,4,13,tagalog,comment,majority,True
t1_p1e7k8b,0,0.44087544083595276,0,0.39369335770606995,0.2536605894565582,0.3526460528373718,4,13,tagalog,comment,majority,True
t1_p1eb0oi,0,0.4444291591644287,0,0.3925940692424774,0.2540663778781891,0.3533395826816559,4,13,english,comment,majority,True
t1_p1ef3av,0,0.43043163418769836,0,0.39210793375968933,0.27527686953544617,0.3326152265071869,4,13,taglish,comment,majority,True
t1_p1f6t59,0,0.43819910287857056,0,0.5672562718391418,0.13180696964263916,0.300936758518219,4,13,taglish,comment,majority,True
t1_p1gen71,0,0.44263648986816406,0,0.5625623464584351,0.1398278772830963,0.297609806060791,4,13,english,comment,majority,True
t1_p1gfta2,0,0.43234795331954956,0,0.393383651971817,0.2755158543586731,0.3311005234718323,4,13,english,comment,majority,True
t1_p1j0xwk,0,0.44098079204559326,0,0.5698680281639099,0.1324785202741623,0.2976534366607666,4,13,taglish,comment,unanimous,True
