reddit_fullname,y_true,prob,pred,gate_conv,gate_ret,fold,seed,language,record_type,resolved_by,natural
t1_p1909oy,0,0.44793379306793213,0,0.45790931582450867,0.5420907139778137,0,13,taglish,comment,majority,True
t1_p19b22n,0,0.4453900456428528,0,0.4809814989566803,0.5190185308456421,0,13,tagalog,comment,adjudicator,True
t1_p19d0zp,0,0.44084346294403076,0,0.4680611491203308,0.5319388508796692,0,13,taglish,comment,majority,True
t1_p19fhxd,0,0.4327636957168579,0,0.45974308252334595,0.540256917476654,0,13,english,comment,adjudicator,True
t1_p19iari,0,0.4369673728942871,0,0.44036394357681274,0.5596359968185425,0,13,tagalog,comment,majority,True
t1_p19liw1,0,0.4406817555427551,0,0.4426816701889038,0.5573183298110962,0,13,taglish,comment,majority,True
t1_p1cts3h,0,0.44473057985305786,0,0.40219950675964355,0.5978004932403564,0,13,taglish,comment,majority,True
t1_p1dpfng,0,0.44613271951675415,0,0.39720386266708374,0.602796196937561,0,13,tagalog,comment,adjudicator,True
t1_p1dwcr5,0,0.4399653673171997,0,0.4027334153652191,0.5972666144371033,0,13,english,comment,unanimous,True
t1_p1gpjeu,0,0.44380757212638855,0,0.4204508662223816,0.5795491933822632,0,13,english,comment,adjudicator,True
t1_p1h381d,0,0.4453674554824829,0,0.39983266592025757,0.6001672744750977,0,13,english,comment,majority,True
t1_p1h3j89,0,0.44403356313705444,0,0.4205029308795929,0.5794970393180847,0,13,taglish,comment,unanimous,True
t1_p1h4hlk,0,0.4401082694530487,0,0.43986767530441284,0.5601323246955872,0,13,taglish,comment,unanimous,True
t1_p1h4zk8,0,0.4444969594478607,0,0.4527551829814911,0.5472447872161865,0,13,taglish,comment,unanimous,True
t1_p1h586a,0,0.43693357706069946,0,0.4398225247859955,0.5601774454116821,0,13,taglish,comment,majority,True
t1_p1h99c1,0,0.44336315989494324,0,0.41994529962539673,0.5800547003746033,0,13,taglish,comment,majority,True
t1_p1ha0n6,0,0.4398807883262634,0,0.43854475021362305,0.5614553093910217,0,13,taglish,comment,unanimous,True
t1_p1j6wut,0,0.4395565688610077,0,0.43985259532928467,0.5601473450660706,0,13,taglish,comment,majority,True
t1_p1jinlf,0,0.4420718848705292,0,0.4194844663143158,0.5805155634880066,0,13,taglish,comment,majority,True
t1_p1k1fvl,0,0.44075697660446167,0,0.43953683972358704,0.5604631900787354,0,13,taglish,comment,majority,True
t1_p17bhzz,0,0.37963709235191345,0,0.41908320784568787,0.5809167623519897,1,13,english,comment,majority,True
t1_p17cc1p,0,0.3700830936431885,0,0.44933223724365234,0.5506677627563477,1,13,taglish,comment,majority,True
t1_p17cxz7,0,0.37048158049583435,0,0.4466908276081085,0.5533091425895691,1,13,taglish,comment,majority,True
t1_p17edm7,0,0.3762792646884918,0,0.41978174448013306,0.5802182555198669,1,13,english,comment,majority,True
t1_p17gqxd,0,0.36803650856018066,0,0.4818805158138275,0.5181195139884949,1,13,taglish,comment,unanimous,True
t1_p17gt8l,0,0.3696563243865967,0,0.4831606447696686,0.516839325428009,1,13,taglish,comment,unanimous,True
t1_p17ohe5,0,0.36931508779525757,0,0.4492717683315277,0.5507282018661499,1,13,english,comment,majority,True
t1_p18ei05,0,0.36985546350479126,0,0.4440222680568695,0.5559777021408081,1,13,taglish,comment,unanimous,True
t1_p18lnfm,0,0.36778104305267334,0,0.48090532422065735,0.519094705581665,1,13,taglish,comment,majority,True
t1_p19v9nc,0,0.37301895022392273,0,0.42071861028671265,0.5792814493179321,1,13,english,comment,adjudicator,True
t1_p19xiun,1,0.3680081367492676,0,0.5104964971542358,0.48950350284576416,1,13,taglish,comment,majority,True
t1_p1a0l1i,0,0.37005460262298584,0,0.4844411015510559,0.5155589580535889,1,13,tagalog,comment,adjudicator,True
t1_p1a0ms4,0,0.37199175357818604,0,0.44439899921417236,0.5556010007858276,1,13,tagalog,comment,adjudicator,True
t1_p1a3ayu,0,0.36590972542762756,0,0.5193689465522766,0.4806310534477234,1,13,taglish,comment,majority,True
t1_p1a7j8r,0,0.3763079047203064,0,0.4201831817626953,0.5798168182373047,1,13,tagalog,comment,adjudicator,True
t1_p1adckb,1,0.3679797649383545,0,0.46438539028167725,0.5356146693229675,1,13,english,comment,majority,True
t1_p1aepxs,0,0.3654850125312805,0,0.4823986291885376,0.5176013708114624,1,13,english,comment,majority,True
t1_p1apmf3,0,0.3735901117324829,0,0.4196925759315491,0.5803074240684509,1,13,english,comment,adjudicator,True
t1_p1ltuyu,0,0.37393298745155334,0,0.41929125785827637,0.5807087421417236,1,13,taglish,comment,unanimous,True
t1_p1m5x7f,0,0.37499096989631653,0,0.420867383480072,0.5791326761245728,1,13,tagalog,comment,adjudicator,True
t1_p1djpes,0,0.4155212938785553,0,0.466268390417099,0.5337316393852234,2,13,taglish,comment,majority,True
t1_p1dnd2j,0,0.41408416628837585,0,0.4789857566356659,0.5210142135620117,2,13,taglish,comment,unanimous,True
t1_p1dznje,0,0.41667795181274414,0,0.4673621356487274,0.5326378345489502,2,13,english,comment,majority,True
t1_p1dzqwj,0,0.41322553157806396,0,0.4459215998649597,0.5540784001350403,2,13,taglish,comment,majority,True
t1_p1eq6kz,0,0.41115522384643555,0,0.4435100555419922,0.5564900040626526,2,13,english,comment,unanimous,True
t1_p1es5hg,0,0.41418784856796265,0,0.48069196939468384,0.5193080306053162,2,13,taglish,comment,unanimous,True
t1_p1f97sw,0,0.4124561846256256,0,0.4427870810031891,0.5572128891944885,2,13,taglish,comment,adjudicator,True
t1_p1fvrpk,0,0.41519519686698914,0,0.46253377199172974,0.537466287612915,2,13,taglish,comment,unanimous,True
t1_p1fze4d,0,0.41526931524276733,0,0.4647497534751892,0.5352502465248108,2,13,english,comment,majority,True
t1_p1g57i2,0,0.41531381011009216,0,0.47706687450408936,0.5229331254959106,2,13,tagalog,comment,adjudicator,True
t1_p1g5qka,0,0.41179075837135315,0,0.47639697790145874,0.523603081703186,2,13,tagalog,comment,majority,True
t1_p1grex5,0,0.41377320885658264,0,0.4632469415664673,0.5367529988288879,2,13,taglish,comment,adjudicator,True
t1_p1hfv32,0,0.4132995307445526,0,0.4436004161834717,0.5563995838165283,2,13,english,comment,majority,True
t1_p1i48w4,0,0.4139212667942047,0,0.44111621379852295,0.5588838458061218,2,13,tagalog,comment,adjudicator,True
t1_p1ja79o,0,0.4115985631942749,0,0.4430280029773712,0.5569719672203064,2,13,english,comment,majority,True
t1_p1jp3l4,0,0.41255971789360046,0,0.44179341197013855,0.5582065582275391,2,13,taglish,comment,unanimous,True
t1_p1jrstc,0,0.41235268115997314,0,0.4750269055366516,0.5249730944633484,2,13,taglish,comment,unanimous,True
t1_p1lc7pm,0,0.41059377789497375,0,0.44290757179260254,0.5570924878120422,2,13,taglish,comment,unanimous,True
t1_p1mu387,0,0.41292962431907654,0,0.44590651988983154,0.5540935397148132,2,13,taglish,comment,unanimous,True
t1_p1n3zw1,1,0.4164109528064728,0,0.4657519459724426,0.5342480540275574,2,13,taglish,comment,majority,True
t1_p170d0o,0,0.4714285433292389,0,0.5043562650680542,0.4956437051296234,3,13,taglish,comment,majority,True
t1_p170sk2,0,0.47763791680336,0,0.47006189823150635,0.5299381613731384,3,13,tagalog,comment,majority,True
t1_p174s1z,0,0.475978285074234,0,0.47047242522239685,0.5295276045799255,3,13,taglish,comment,unanimous,True
t1_p1753z6,0,0.45981889963150024,0,0.472744345664978,0.527255654335022,3,13,taglish,comment,majority,True
t1_p179xnz,0,0.4649072289466858,0,0.4434196650981903,0.5565803647041321,3,13,tagalog,comment,majority,True
t1_p1803rr,0,0.460880309343338,0,0.47015881538391113,0.5298411846160889,3,13,taglish,comment,unanimous,True
t1_p1fgp0a,0,0.46665382385253906,0,0.4432840943336487,0.5567159056663513,3,13,tagalog,comment,majority,True
t1_p1fhv1i,1,0.46598073840141296,0,0.43822914361953735,0.5617707967758179,3,13,english,comment,unanimous,True
t1_p1fn9yv,1,0.4650648236274719,0,0.43911588191986084,0.5608841180801392,3,13,tagalog,comment,majority,True
t1_p1fvdhe,1,0.46496233344078064,0,0.43852970004081726,0.5614703297615051,3,13,taglish,comment,majority,True
t1_p1hkxhw,0,0.46779710054397583,0,0.44370585680007935,0.5562940835952759,3,13,english,comment,majority,True
t1_p1km08o,0,0.4746463894844055,0,0.470441997051239,0.529558002948761,3,13,taglish,comment,unanimous,True
t1_p1l7hh9,0,0.466716468334198,0,0.44207942485809326,0.5579205751419067,3,13,english,comment,majority,True
t1_p1l7l9x,0,0.4660784900188446,0,0.4417482614517212,0.5582517385482788,3,13,english,comment,majority,True
t1_p1l7mnt,0,0.4655602276325226,0,0.441928893327713,0.5580711364746094,3,13,english,comment,majority,True
t1_p1l89tc,0,0.46628352999687195,0,0.4417482614517212,0.5582517385482788,3,13,english,comment,majority,True
t1_p1l9jpp,0,0.46620190143585205,0,0.44227513670921326,0.5577248334884644,3,13,english,comment,majority,True
t1_p1lawu3,0,0.46449166536331177,0,0.44155260920524597,0.5584473609924316,3,13,english,comment,adjudicator,True
t1_p1lh5c8,0,0.4746996760368347,0,0.4693492352962494,0.530650794506073,3,13,taglish,comment,majority,True
t1_p1mpeix,0,0.46603864431381226,0,0.4419138431549072,0.5580862164497375,3,13,taglish,comment,unanimous,True
t1_p1myxf9,0,0.46336835622787476,0,0.4419138431549072,0.5580862164497375,3,13,taglish,comment,majority,True
t1_p12zfuz,1,0.37479066848754883,0,0.4348962604999542,0.5651037693023682,4,13,taglish,comment,majority,True
t1_p130vn2,1,0.3755919337272644,0,0.4351212680339813,0.5648787617683411,4,13,taglish,comment,majority,True
t1_p13dudf,0,0.3735901117324829,0,0.43522629141807556,0.5647737383842468,4,13,english,comment,majority,True
t1_p13wzgf,0,0.37381866574287415,0,0.43552637100219727,0.5644736289978027,4,13,taglish,comment,majority,True
t1_p1ccqgk,0,0.37407588958740234,0,0.4352412819862366,0.5647587180137634,4,13,taglish,comment,majority,True
t1_p1cdbdx,0,0.37301895022392273,0,0.43543633818626404,0.5645636916160583,4,13,taglish,comment,majority,True
t1_p1cedxe,0,0.37336161732673645,0,0.4355413615703583,0.5644586086273193,4,13,taglish,comment,majority,True
t1_p1dkqqv,0,0.37461909651756287,0,0.4352562725543976,0.56474369764328,4,13,taglish,comment,unanimous,True
t1_p1duvt0,0,0.3754774332046509,0,0.4612063765525818,0.5387936234474182,4,13,tagalog,comment,adjudicator,True
t1_p1dvuqm,0,0.3724481463432312,0,0.4870634377002716,0.5129365921020508,4,13,taglish,comment,majority,True
t1_p1dxq5m,0,0.3736472427845001,0,0.5418861508369446,0.4581138491630554,4,13,taglish,comment,adjudicator,True
t1_p1dy529,0,0.3750195801258087,0,0.4414322078227997,0.5585678219795227,4,13,tagalog,comment,majority,True
t1_p1e7k8b,0,0.3748478889465332,0,0.5211969614028931,0.47880297899246216,4,13,tagalog,comment,majority,True
t1_p1eb0oi,0,0.37310460209846497,0,0.5204658508300781,0.4795341491699219,4,13,english,comment,majority,True
t1_p1ef3av,0,0.3726193606853485,0,0.501251220703125,0.498748779296875,4,13,taglish,comment,majority,True
t1_p1f6t59,0,0.3723054826259613,0,0.4353763163089752,0.5646237134933472,4,13,taglish,comment,majority,True
t1_p1gen71,0,0.37213438749313354,0,0.44161278009414673,0.5583872199058533,4,13,english,comment,majority,True
t1_p1gfta2,0,0.37441888451576233,0,0.501708984375,0.498291015625,4,13,english,comment,majority,True
t1_p1j0xwk,0,0.3724481463432312,0,0.44155260920524597,0.5584473609924316,4,13,taglish,comment,unanimous,True
