stage,row,reference,flags,f1@0.5,ref f1@0.5,ΔF1@0.5,f1@val-thr,ref f1@val-thr,auprc,ref auprc,collapsed folds,f1 vs adjudicated label,ref f1 vs majority label,prediction agreement
E,majority-1_baseline,1_baseline,label_source=annotator_majority,0.5115 ± 0.0196,0.3527 ± 0.0342,+0.1589,0.5117 ± 0.0198,0.3384 ± 0.0445,0.4899 ± 0.0275,0.3081 ± 0.0489,0,0.3594 ± 0.0075,0.3938 ± 0.0552,0.821
E,majority-8_full,8_full,label_source=annotator_majority,0.5191 ± 0.0253,0.3555 ± 0.0138,+0.1636,0.5200 ± 0.0340,0.3490 ± 0.0170,0.5069 ± 0.0274,0.3117 ± 0.0180,0,0.3666 ± 0.0151,0.3926 ± 0.0448,0.814
E,aux-cues-8_full,8_full,aux_cue_heads=True,0.3719 ± 0.0139,0.3555 ± 0.0138,+0.0165,0.3715 ± 0.0082,0.3490 ± 0.0170,0.3135 ± 0.0197,0.3117 ± 0.0180,0,,,
E,label-weighting-8_full,8_full,"sample_weighting=True, soft_labels=True",0.3659 ± 0.0198,0.3555 ± 0.0138,+0.0105,0.3662 ± 0.0188,0.3490 ± 0.0170,0.3283 ± 0.0158,0.3117 ± 0.0180,0,,,
T,lr1e-5-1_baseline,1_baseline,lr_encoder=1e-05,0.3656 ± 0.0229,0.3527 ± 0.0342,+0.0130,0.3673 ± 0.0228,0.3384 ± 0.0445,0.3076 ± 0.0264,0.3081 ± 0.0489,0,,,
T,lr3e-5-1_baseline,1_baseline,lr_encoder=3e-05,0.3138 ± 0.0693,0.3527 ± 0.0342,-0.0389,0.3223 ± 0.0671,0.3384 ± 0.0445,0.2829 ± 0.0653,0.3081 ± 0.0489,2,,,
T,freeze4-llrd0.9-1_baseline,1_baseline,"freeze_bottom_layers=4, layerwise_lr_decay=0.9",0.3488 ± 0.0419,0.3527 ± 0.0342,-0.0038,0.3436 ± 0.0408,0.3384 ± 0.0445,0.3069 ± 0.0451,0.3081 ± 0.0489,2,,,
T,lr1e-5-5_conv_temp,5_conv_temp,lr_encoder=1e-05,0.3728 ± 0.0032,0.3776 ± 0.0163,-0.0048,0.3773 ± 0.0079,0.3723 ± 0.0161,0.3326 ± 0.0153,0.3342 ± 0.0181,0,,,
T,lr1e-5-8_full,8_full,lr_encoder=1e-05,0.3633 ± 0.0189,0.3555 ± 0.0138,+0.0079,0.3653 ± 0.0175,0.3490 ± 0.0170,0.3229 ± 0.0112,0.3117 ± 0.0180,0,,,
