reddit_fullname,y_true,prob,pred,gate_ret,fold,seed,language,record_type,resolved_by,natural
t1_p1909oy,0,0.47411373257637024,0,1.0,0,13,taglish,comment,majority,True
t1_p19b22n,0,0.472303181886673,0,1.0,0,13,tagalog,comment,adjudicator,True
t1_p19d0zp,0,0.47498124837875366,0,1.0,0,13,taglish,comment,majority,True
t1_p19fhxd,0,0.47180119156837463,0,1.0,0,13,english,comment,adjudicator,True
t1_p19iari,0,0.47223472595214844,0,1.0,0,13,tagalog,comment,majority,True
t1_p19liw1,0,0.47561293840408325,0,1.0,0,13,taglish,comment,majority,True
t1_p1cts3h,0,0.47433438897132874,0,1.0,0,13,taglish,comment,majority,True
t1_p1dpfng,0,0.47390830516815186,0,1.0,0,13,tagalog,comment,adjudicator,True
t1_p1dwcr5,0,0.47183161973953247,0,1.0,0,13,english,comment,unanimous,True
t1_p1gpjeu,0,0.47440290451049805,0,1.0,0,13,english,comment,adjudicator,True
t1_p1h381d,0,0.4757651686668396,0,1.0,0,13,english,comment,majority,True
t1_p1h3j89,0,0.4737561047077179,0,1.0,0,13,taglish,comment,unanimous,True
t1_p1h4hlk,0,0.47570425271987915,0,1.0,0,13,taglish,comment,unanimous,True
t1_p1h4zk8,0,0.4739767909049988,0,1.0,0,13,taglish,comment,unanimous,True
t1_p1h586a,0,0.47575756907463074,0,1.0,0,13,taglish,comment,majority,True
t1_p1h99c1,0,0.47432681918144226,0,1.0,0,13,taglish,comment,majority,True
t1_p1ha0n6,0,0.4745018184185028,0,1.0,0,13,taglish,comment,unanimous,True
t1_p1j6wut,0,0.4753541648387909,0,1.0,0,13,taglish,comment,majority,True
t1_p1jinlf,0,0.4739006757736206,0,1.0,0,13,taglish,comment,majority,True
t1_p1k1fvl,0,0.47403764724731445,0,1.0,0,13,taglish,comment,majority,True
t1_p17bhzz,0,0.4308955669403076,0,1.0,1,13,english,comment,majority,True
t1_p17cc1p,0,0.42650070786476135,0,1.0,1,13,taglish,comment,majority,True
t1_p17cxz7,0,0.4276656210422516,0,1.0,1,13,taglish,comment,majority,True
t1_p17edm7,0,0.43092548847198486,0,1.0,1,13,english,comment,majority,True
t1_p17gqxd,0,0.4266500473022461,0,1.0,1,13,taglish,comment,unanimous,True
t1_p17gt8l,0,0.42919009923934937,0,1.0,1,13,taglish,comment,unanimous,True
t1_p17ohe5,0,0.4278448820114136,0,1.0,1,13,english,comment,majority,True
t1_p18ei05,0,0.4273967146873474,0,1.0,1,13,taglish,comment,unanimous,True
t1_p18lnfm,0,0.425426185131073,0,1.0,1,13,taglish,comment,majority,True
t1_p19v9nc,0,0.4268590807914734,0,1.0,1,13,english,comment,adjudicator,True
t1_p19xiun,1,0.424233078956604,0,1.0,1,13,taglish,comment,majority,True
t1_p1a0l1i,0,0.4256947934627533,0,1.0,1,13,tagalog,comment,adjudicator,True
t1_p1a0ms4,0,0.42727723717689514,0,1.0,1,13,tagalog,comment,adjudicator,True
t1_p1a3ayu,0,0.42700839042663574,0,1.0,1,13,taglish,comment,majority,True
t1_p1a7j8r,0,0.4297583997249603,0,1.0,1,13,tagalog,comment,adjudicator,True
t1_p1adckb,1,0.4263215959072113,0,1.0,1,13,english,comment,majority,True
t1_p1aepxs,0,0.42638131976127625,0,1.0,1,13,english,comment,majority,True
t1_p1apmf3,0,0.4269188344478607,0,1.0,1,13,english,comment,adjudicator,True
t1_p1ltuyu,0,0.4292200207710266,0,1.0,1,13,taglish,comment,unanimous,True
t1_p1m5x7f,0,0.42641115188598633,0,1.0,1,13,tagalog,comment,adjudicator,True
t1_p1djpes,0,0.45976582169532776,0,1.0,2,13,taglish,comment,majority,True
t1_p1dnd2j,0,0.4586517810821533,0,1.0,2,13,taglish,comment,unanimous,True
t1_p1dznje,0,0.45840930938720703,0,1.0,2,13,english,comment,majority,True
t1_p1dzqwj,0,0.46015241742134094,0,1.0,2,13,taglish,comment,majority,True
t1_p1eq6kz,0,0.4591822326183319,0,1.0,2,13,english,comment,unanimous,True
t1_p1es5hg,0,0.4582274854183197,0,1.0,2,13,taglish,comment,unanimous,True
t1_p1f97sw,0,0.4575760066509247,0,1.0,2,13,taglish,comment,adjudicator,True
t1_p1fvrpk,0,0.45810624957084656,0,1.0,2,13,taglish,comment,unanimous,True
t1_p1fze4d,0,0.4594399034976959,0,1.0,2,13,english,comment,majority,True
t1_p1g57i2,0,0.4595763385295868,0,1.0,2,13,tagalog,comment,adjudicator,True
t1_p1g5qka,0,0.45829567313194275,0,1.0,2,13,tagalog,comment,majority,True
t1_p1grex5,0,0.45767447352409363,0,1.0,2,13,taglish,comment,adjudicator,True
t1_p1hfv32,0,0.45898520946502686,0,1.0,2,13,english,comment,majority,True
t1_p1i48w4,0,0.4595460295677185,0,1.0,2,13,tagalog,comment,adjudicator,True
t1_p1ja79o,0,0.4582577645778656,0,1.0,2,13,english,comment,majority,True
t1_p1jp3l4,0,0.45856842398643494,0,1.0,2,13,taglish,comment,unanimous,True
t1_p1jrstc,0,0.4572124779224396,0,1.0,2,13,taglish,comment,unanimous,True
t1_p1lc7pm,0,0.45800018310546875,0,1.0,2,13,taglish,comment,unanimous,True
t1_p1mu387,0,0.4591367840766907,0,1.0,2,13,taglish,comment,unanimous,True
t1_p1n3zw1,1,0.46064522862434387,0,1.0,2,13,taglish,comment,majority,True
t1_p170d0o,0,0.5027064681053162,1,1.0,3,13,taglish,comment,majority,True
t1_p170sk2,0,0.5034167170524597,1,1.0,3,13,tagalog,comment,majority,True
t1_p174s1z,0,0.5034517645835876,1,1.0,3,13,taglish,comment,unanimous,True
t1_p1753z6,0,0.5043331384658813,1,1.0,3,13,taglish,comment,majority,True
t1_p179xnz,0,0.5026091933250427,1,1.0,3,13,tagalog,comment,majority,True
t1_p1803rr,0,0.5047131180763245,1,1.0,3,13,taglish,comment,unanimous,True
t1_p1fgp0a,0,0.502271294593811,1,1.0,3,13,tagalog,comment,majority,True
t1_p1fhv1i,1,0.5018500089645386,1,1.0,3,13,english,comment,unanimous,True
t1_p1fn9yv,1,0.5015878677368164,1,1.0,3,13,tagalog,comment,majority,True
t1_p1fvdhe,1,0.503025472164154,1,1.0,3,13,taglish,comment,majority,True
t1_p1hkxhw,0,0.5031926035881042,1,1.0,3,13,english,comment,majority,True
t1_p1km08o,0,0.5045963525772095,1,1.0,3,13,taglish,comment,unanimous,True
t1_p1l7hh9,0,0.504004180431366,1,1.0,3,13,english,comment,majority,True
t1_p1l7l9x,0,0.5042781829833984,1,1.0,3,13,english,comment,majority,True
t1_p1l7mnt,0,0.5031036734580994,1,1.0,3,13,english,comment,majority,True
t1_p1l89tc,0,0.5047453045845032,1,1.0,3,13,english,comment,majority,True
t1_p1l9jpp,0,0.5035828948020935,1,1.0,3,13,english,comment,majority,True
t1_p1lawu3,0,0.5013976097106934,1,1.0,3,13,english,comment,adjudicator,True
t1_p1lh5c8,0,0.5037941336631775,1,1.0,3,13,taglish,comment,majority,True
t1_p1mpeix,0,0.5027618408203125,1,1.0,3,13,taglish,comment,unanimous,True
t1_p1myxf9,0,0.5039352774620056,1,1.0,3,13,taglish,comment,majority,True
t1_p12zfuz,1,0.42754608392715454,0,1.0,4,13,taglish,comment,majority,True
t1_p130vn2,1,0.4252769947052002,0,1.0,4,13,taglish,comment,majority,True
t1_p13dudf,0,0.42966869473457336,0,1.0,4,13,english,comment,majority,True
t1_p13wzgf,0,0.4307309091091156,0,1.0,4,13,taglish,comment,majority,True
t1_p1ccqgk,0,0.42760583758354187,0,1.0,4,13,taglish,comment,majority,True
t1_p1cdbdx,0,0.4294293522834778,0,1.0,4,13,taglish,comment,majority,True
t1_p1cedxe,0,0.42760583758354187,0,1.0,4,13,taglish,comment,majority,True
t1_p1dkqqv,0,0.431194931268692,0,1.0,4,13,taglish,comment,unanimous,True
t1_p1duvt0,0,0.4279046654701233,0,1.0,4,13,tagalog,comment,adjudicator,True
t1_p1dvuqm,0,0.4277552664279938,0,1.0,4,13,taglish,comment,majority,True
t1_p1dxq5m,0,0.42769548296928406,0,1.0,4,13,taglish,comment,adjudicator,True
t1_p1dy529,0,0.42745646834373474,0,1.0,4,13,tagalog,comment,majority,True
t1_p1e7k8b,0,0.4269486665725708,0,1.0,4,13,tagalog,comment,majority,True
t1_p1eb0oi,0,0.4318387508392334,0,1.0,4,13,english,comment,majority,True
t1_p1ef3av,0,0.4292200207710266,0,1.0,4,13,taglish,comment,majority,True
t1_p1f6t59,0,0.4266201853752136,0,1.0,4,13,taglish,comment,majority,True
t1_p1gen71,0,0.43152427673339844,0,1.0,4,13,english,comment,majority,True
t1_p1gfta2,0,0.42996782064437866,0,1.0,4,13,english,comment,majority,True
t1_p1j0xwk,0,0.42802420258522034,0,1.0,4,13,taglish,comment,unanimous,True
